13921.727453325,7,5,222,#1
13921.730376395,4,2,234,#2
13921.733294169,5,7,232,#1
13921.736274689,4,2,243,#2
13921.739202223,5,3,232,#1
13921.742245174,5,2,245,#2
13921.745165597,4,5,231,#1
13921.748070907,6,1,248,#2
13921.750955289,7,2,236,#1
13921.753884768,3,4,245,#2
13921.756835841,6,2,233,#1
13921.759767542,7,2,249,#2
13921.762878646,8,2,234,#1
13921.7657779,5,3,244,#2
13921.768821444,5,5,233,#1
13921.771646173,4,3,244,#2
13921.774606154,7,4,233,#1
13921.777481443,5,3,246,#2
13921.780768914,5,4,234,#1
13921.783986879,5,2,242,#2
13921.787276258,6,5,231,#1
13921.790435236,4,3,245,#2
13921.793637571,6,4,237,#1
13921.796668335,3,3,245,#2
13921.799612722,5,4,231,#1
13921.802680694,2,3,246,#2
13921.805695401,7,4,236,#1
13921.808792022,3,2,248,#2
13921.81227599,8,3,235,#1
13921.815480009,6,2,244,#2
13921.818664267,5,4,232,#1
13921.821624452,4,3,246,#2
13921.824777596,6,8,229,#1
13921.828053918,8,2,245,#2
13921.83127229,6,2,235,#1
13921.83471455,3,3,247,#2
13921.838216205,6,4,235,#1
13921.841433854,4,3,244,#2
13921.844798849,8,5,231,#1
13921.847916825,6,2,244,#2
13921.850957015,5,6,232,#1
13921.854025857,6,3,248,#2
13921.857080586,4,4,229,#1
13921.860134389,5,2,244,#2
13921.863316407,7,4,235,#1
13921.866489627,4,3,245,#2
13921.869592693,8,5,233,#1
13921.872600974,6,0,245,#2
13921.875752859,7,5,232,#1
13921.878738879,4,2,246,#2
13921.881692452,4,1,233,#1
13921.884616708,5,3,246,#2
13921.887751499,6,9,232,#1
13921.891071639,7,3,243,#2
13921.89436848,6,3,236,#1
13921.897392596,7,1,243,#2
13921.900204953,4,2,237,#1
13921.903213475,5,4,243,#2
13921.906300207,6,2,235,#1
13921.909239297,5,1,245,#2
13921.912578197,5,5,233,#1
13921.915858871,4,2,246,#2
13921.91907465,7,4,233,#1
13921.922034038,5,2,241,#2
13921.925037485,7,4,233,#1
13921.928348791,5,5,244,#2
13921.931516048,6,4,231,#1
13921.934642412,6,2,247,#2
13921.937842987,5,3,233,#1
13921.941081231,4,4,246,#2
13921.944389406,5,7,229,#1
13921.947386964,3,4,249,#2
13921.950209397,6,3,233,#1
13921.953341855,5,5,243,#2
13921.9567315,10,4,234,#1
13921.960480193,4,2,242,#2
13921.963751402,4,5,233,#1
13921.96703478,4,3,247,#2
13921.970480689,6,4,234,#1
13921.973966712,4,3,244,#2
13921.977351487,7,4,234,#1
13921.98088018,6,2,245,#2
13921.984482194,7,4,231,#1
13921.987710327,3,2,248,#2
13921.990874509,6,3,233,#1
13921.99408901,4,3,246,#2
13921.997152259,5,2,237,#1
13922.000382428,3,1,248,#2
13922.004306728,6,5,232,#1
13922.008199988,5,4,242,#2
13922.011953218,5,3,232,#1
13922.015639387,4,2,247,#2
13922.019592986,8,4,231,#1
13922.023092584,5,2,245,#2
13922.026104866,5,11,226,#1
13922.029246824,6,3,245,#2
13922.032707049,6,5,233,#1
13922.035630101,4,3,246,#2
13922.038822138,7,4,231,#1
13922.042280844,5,1,243,#2
13922.045809445,7,3,233,#1
13922.049336842,4,3,244,#2
13922.052814828,4,4,234,#1
13922.056262496,3,4,245,#2
13922.05973137,4,4,233,#1
13922.063214116,5,3,246,#2
13922.066728697,5,4,235,#1
13922.070306968,6,3,244,#2
13922.074026418,6,5,233,#1
13922.077189656,5,5,247,#2
13922.080469033,8,6,233,#1
13922.083997893,4,1,245,#2
13922.087480157,6,3,234,#1
13922.090866598,4,3,245,#2
13922.094329009,6,5,232,#1
13922.097988898,5,2,247,#2
13922.101647769,5,3,236,#1
13922.105205446,5,2,248,#2
13922.108583702,7,8,232,#1
13922.111729827,4,1,246,#2
13922.115564231,6,5,234,#1
13922.118955802,3,2,246,#2
13922.122343077,7,6,233,#1
13922.125691626,4,1,246,#2
13922.129251933,7,4,234,#1
13922.132848058,5,1,245,#2
13922.13659677,7,5,230,#1
13922.140344296,5,3,242,#2
13922.143759369,6,3,233,#1
13922.148105036,6,3,244,#2
13922.151523869,5,5,233,#1
13922.154983927,6,1,243,#2
13922.158561088,4,6,235,#1
13922.162197179,5,2,247,#2
13922.1658354,5,2,238,#1
13922.169473158,3,1,246,#2
13922.173205905,8,5,232,#1
13922.177057161,6,1,244,#2
13922.180508145,9,2,240,#1
13922.184049265,6,2,245,#2
13922.187659817,7,3,233,#1
13922.191068316,5,3,244,#2
13922.194448461,5,3,234,#1
13922.197860867,5,1,246,#2
13922.201538035,4,5,235,#1
13922.205214908,6,5,245,#2
13922.208557827,7,4,233,#1
13922.211771198,4,2,243,#2
13922.216077325,6,4,231,#1
13922.219608593,3,2,249,#2
13922.222842355,8,3,235,#1
13922.22589927,5,3,245,#2
13922.228933849,8,5,231,#1
13922.232202874,5,3,245,#2
13922.235465064,6,3,235,#1
13922.238529424,6,3,248,#2
13922.241825987,6,5,233,#1
13922.244943944,4,1,245,#2
13922.248057715,7,6,233,#1
13922.251404301,3,2,243,#2
13922.254625803,5,4,233,#1
13922.257671161,5,2,246,#2
13922.26255415,9,5,231,#1
13922.266474153,5,1,245,#2
13922.269950323,4,5,232,#1
13922.273441903,4,3,246,#2
13922.279643683,5,5,235,#1
13922.282796976,5,3,243,#2
13922.286422122,8,3,234,#1
13922.28966507,5,6,247,#2
13922.293126203,7,5,230,#1
13922.29634439,5,1,246,#2
13922.299719626,7,2,235,#1
13922.302907774,4,3,243,#2
13922.306200318,8,3,236,#1
13922.310858215,3,2,242,#2
13922.31411259,7,2,236,#1
13922.317185283,5,1,246,#2
13922.320494422,7,3,234,#1
13922.323764131,3,2,244,#2
13922.32709142,7,2,235,#1
13922.330392465,6,2,244,#2
13922.333951717,6,3,235,#1
13922.337306081,5,1,248,#2
13922.340996344,7,1,232,#1
13922.344397971,8,2,243,#2
13922.347810544,8,3,230,#1
13922.351025305,6,3,244,#2
13922.354316664,5,7,233,#1
13922.357339465,5,2,248,#2
13922.360624768,9,6,235,#1
13922.364270509,3,1,246,#2
13922.367866356,7,5,233,#1
13922.371953391,6,4,245,#2
13922.375512476,6,5,233,#1
13922.378789464,5,4,247,#2
13922.382205352,7,7,229,#1
13922.385367515,8,5,246,#2
13922.388533587,8,2,233,#1
13922.391715586,3,2,246,#2
13922.395190219,7,4,234,#1
13922.398333011,5,2,245,#2
13922.401360331,6,4,235,#1
13922.404436858,5,2,247,#2
13922.407446991,4,2,232,#1
13922.410513147,5,3,246,#2
13922.413657569,7,3,232,#1
13922.416563767,4,3,246,#2
13922.419555677,8,4,232,#1
13922.422621221,3,0,246,#2
13922.425801739,7,4,233,#1
13922.428647117,4,3,244,#2
13922.431642564,5,5,237,#1
13922.434809284,5,1,248,#2
13922.437845511,6,4,234,#1
13922.440778583,5,3,246,#2
13922.443758991,8,5,234,#1
13922.446727602,7,3,248,#2
13922.449675563,7,3,234,#1
13922.452553186,3,2,245,#2
13922.455657363,7,5,233,#1
13922.45862014,4,3,244,#2
13922.461625773,9,5,233,#1
13922.464567493,3,2,244,#2
13922.46763039,7,2,232,#1
13922.470574425,2,3,244,#2
13922.473513793,8,3,231,#1
13922.476559002,3,2,247,#2
13922.479591508,8,6,231,#1
13922.482503781,4,2,246,#2
13922.485460798,6,4,231,#1
13922.488349181,4,3,245,#2
13922.491313328,8,3,233,#1
13922.494242622,6,2,244,#2
13922.49720614,8,6,231,#1
13922.500245979,6,4,242,#2
13922.503317876,5,3,238,#1
13922.506578455,5,4,245,#2
13922.509889557,8,3,233,#1
13922.513054925,5,2,245,#2
13922.516101764,5,3,232,#1
13922.519113027,6,2,244,#2
13922.522224298,6,4,236,#1
13922.52561698,5,3,245,#2
13922.528901154,6,3,232,#1
13922.532008591,3,3,244,#2
13922.535326879,7,4,233,#1
13922.538357865,3,3,243,#2
13922.541628816,5,3,235,#1
13922.544988051,5,3,243,#2
13922.548358195,6,5,235,#1
13922.551949875,5,2,246,#2
13922.555364022,6,1,238,#1
13922.558464514,5,1,246,#2
13922.561811971,7,3,234,#1
13922.565169873,4,4,245,#2
13922.568629394,6,5,235,#1
13922.571756314,6,2,243,#2
13922.574983224,6,8,238,#1
13922.578348793,4,2,245,#2
13922.581816723,4,6,233,#1
13922.584815744,4,4,245,#2
13922.588021003,6,4,229,#1
13922.591167073,5,3,249,#2
13922.594784237,6,4,231,#1
13922.598112692,6,4,243,#2
13922.601538655,5,3,236,#1
13922.604883537,6,3,245,#2
13922.60822229,4,2,235,#1
13922.611529021,7,3,244,#2
13922.614654793,7,3,233,#1
13922.617714393,4,4,244,#2
13922.620796439,6,5,237,#1
13922.624176343,5,3,246,#2
13922.627901997,7,4,231,#1
13922.631457803,5,4,245,#2
13922.635048261,7,4,234,#1
13922.638138438,4,2,245,#2
13922.64138759,5,3,230,#1
13922.64473325,3,1,242,#2
13922.647917119,6,4,235,#1
13922.651020612,8,2,249,#2
13922.654327158,7,5,228,#1
13922.657747139,5,3,246,#2
13922.661309798,7,4,233,#1
13922.664255018,4,2,244,#2
13922.667460371,5,4,230,#1
13922.670429241,4,4,243,#2
13922.673535141,5,4,231,#1
13922.676788201,5,2,243,#2
13922.679874285,8,3,234,#1
13922.682972332,6,4,246,#2
13922.686024543,7,3,232,#1
13922.68946097,6,3,245,#2
13922.693194865,6,5,234,#1
13922.696497448,5,1,244,#2
13922.699519748,10,6,232,#1
13922.70260272,5,3,243,#2
13922.70602159,4,3,235,#1
13922.709345341,5,2,244,#2
13922.712842162,5,4,239,#1
13922.715893724,6,2,245,#2
13922.719110911,6,3,235,#1
13922.722322375,6,3,245,#2
13922.725723651,5,5,230,#1
13922.729871357,6,3,245,#2
13922.733036799,7,5,231,#1
13922.736228984,4,1,245,#2
13922.739531882,5,6,234,#1
13922.742712065,4,2,245,#2
13922.746072727,5,3,237,#1
13922.74937468,4,2,248,#2
13922.75272697,6,4,233,#1
13922.755785792,6,2,245,#2
13922.758962402,8,3,232,#1
13922.762303913,3,2,243,#2
13922.765232743,7,4,233,#1
13922.768394351,5,4,246,#2
13922.771778533,8,3,232,#1
13922.775034112,7,1,246,#2
13922.778499449,8,3,234,#1
13922.781888186,6,4,245,#2
13922.785636768,6,5,230,#1
13922.78923406,5,1,247,#2
13922.792830796,7,2,234,#1
13922.796386529,4,3,241,#2
13922.799943891,5,5,233,#1
13922.80359365,5,2,245,#2
13922.80718857,6,6,232,#1
13922.810397108,5,0,246,#2
13922.813788493,5,5,232,#1
13922.817332484,5,1,246,#2
13922.820905458,5,3,234,#1
13922.824415131,4,1,244,#2
13922.827800831,5,5,232,#1
13922.831326839,5,4,242,#2
13922.834629032,4,3,234,#1
13922.838267734,4,2,244,#2
13922.841648434,6,3,234,#1
13922.845079878,4,1,247,#2
13922.848495803,3,5,235,#1
13922.851934433,4,3,244,#2
13922.855409159,6,4,235,#1
13922.858832955,2,1,247,#2
13922.862653116,8,4,239,#1
13922.865859357,5,2,245,#2
13922.86931447,8,4,237,#1
13922.872618756,7,-1,243,#2
13922.878587035,6,3,231,#1
13922.882212255,5,3,245,#2
13922.885814509,6,3,236,#1
13922.889260103,5,2,246,#2
13922.892617616,8,5,234,#1
13922.896000908,4,1,249,#2
13922.899425204,6,4,236,#1
13922.90296612,5,1,247,#2
13922.906420622,4,6,232,#1
13922.912936205,4,3,244,#2
13922.91620621,7,1,237,#1
13922.919760794,6,2,244,#2
13922.923368031,5,3,233,#1
13922.92653651,5,3,246,#2
13922.929870631,6,4,232,#1
13922.933445736,2,2,244,#2
13922.937940674,5,6,231,#1
13922.944147713,4,2,247,#2
13922.94756586,6,4,234,#1
13922.950960561,5,2,245,#2
13922.954354965,7,3,230,#1
13922.957580134,8,2,250,#2
13922.960749113,4,3,237,#1
13922.964052306,5,2,245,#2
13922.967471194,6,6,231,#1
13922.970923251,5,2,248,#2
13922.977319269,6,4,233,#1
13922.980647168,3,2,246,#2
13922.984252626,6,3,232,#1
13922.987967371,6,3,246,#2
13922.991502843,3,3,229,#1
13922.994858226,4,2,245,#2
13922.998086005,4,1,236,#1
13923.001541544,5,4,244,#2
13923.005016974,5,2,234,#1
13923.010346202,4,3,244,#2
13923.013904193,6,3,234,#1
13923.017532709,4,2,247,#2
13923.021383428,6,5,232,#1
13923.024976997,7,1,246,#2
13923.028565139,7,3,233,#1
13923.032102389,4,3,245,#2
13923.035726219,6,3,236,#1
13923.039295175,4,2,242,#2
13923.045174577,5,5,234,#1
13923.048557128,4,2,244,#2
13923.051917622,7,2,233,#1
13923.055199073,6,4,245,#2
13923.058392906,6,4,236,#1
13923.061602036,4,2,246,#2
13923.064960475,8,7,230,#1
13923.06838703,5,2,245,#2
13923.071959819,7,5,231,#1
13923.078498515,4,3,242,#2
13923.081938849,6,3,233,#1
13923.085429095,5,3,243,#2
13923.08895288,7,4,230,#1
13923.092625862,6,2,243,#2
13923.096123479,6,3,233,#1
13923.099691064,6,4,246,#2
13923.103328358,7,4,236,#1
13923.106837624,4,0,245,#2
13923.112751251,7,4,237,#1
13923.116253571,6,4,244,#2
13923.120104902,6,3,230,#1
13923.123467174,5,2,246,#2
13923.126792369,6,2,234,#1
13923.130056985,4,0,243,#2
13923.133791936,4,3,235,#1
13923.13720336,4,2,244,#2
13923.140795317,9,2,235,#1
13923.144254005,5,2,244,#2
13923.14765891,7,4,233,#1
13923.150757624,5,3,248,#2
13923.153825242,6,4,233,#1
13923.156832782,6,2,245,#2
13923.162293521,6,3,232,#1
13923.165478853,6,3,245,#2
13923.168608884,7,4,235,#1
13923.171797123,4,4,246,#2
13923.176922909,7,6,233,#1
13923.180177765,5,0,243,#2
13923.183425213,5,5,232,#1
13923.186483979,5,1,244,#2
13923.189538319,5,5,234,#1
13923.192752672,5,1,244,#2
13923.195980988,6,5,234,#1
13923.199173173,3,4,244,#2
13923.202466199,6,5,233,#1
13923.205593192,5,3,245,#2
13923.211306877,7,3,231,#1
13923.214657852,4,3,246,#2
13923.217999289,7,5,234,#1
13923.221030572,6,3,246,#2
13923.224150269,6,5,235,#1
13923.227435942,5,3,247,#2
13923.23087561,7,5,230,#1
13923.234255939,4,3,248,#2
13923.237574856,7,3,234,#1
13923.24101356,5,1,243,#2
13923.244685802,6,3,234,#1
13923.247982957,6,2,242,#2
13923.251208126,5,4,234,#1
13923.254334749,5,2,248,#2
13923.25749269,7,3,235,#1
13923.260721303,4,2,245,#2
13923.264567707,6,4,234,#1
13923.268016746,7,2,243,#2
13923.271282936,7,3,235,#1
13923.276444058,4,2,247,#2
13923.280306278,4,3,232,#1
13923.283858084,5,2,245,#2
13923.287269767,5,4,234,#1
13923.29076318,5,3,248,#2
13923.295524621,6,3,235,#1
13923.298929674,3,2,244,#2
13923.302426754,8,3,233,#1
13923.305932426,6,2,246,#2
13923.309445526,10,3,230,#1
13923.313120619,4,3,243,#2
13923.316867404,5,4,237,#1
13923.320277699,5,1,244,#2
13923.323425268,6,4,234,#1
13923.328676138,4,3,247,#2
13923.33198861,5,5,231,#1
13923.335059469,6,2,245,#2
13923.3380904,6,3,237,#1
13923.34150175,3,3,244,#2
13923.344983273,9,2,235,#1
13923.348583286,5,1,243,#2
13923.351931354,9,4,235,#1
13923.355256215,7,1,242,#2
13923.361003403,6,5,232,#1
13923.36442781,5,-2,244,#2
13923.367865773,5,5,230,#1
13923.371188116,6,2,245,#2
13923.374629006,5,5,232,#1
13923.37775374,6,2,241,#2
13923.380879179,7,3,235,#1
13923.383801415,5,3,244,#2
13923.386893221,6,4,232,#1
13923.390162319,2,2,244,#2
13923.396079724,5,9,232,#1
13923.399126304,7,1,242,#2
13923.402275651,4,4,231,#1
13923.405237095,4,2,247,#2
13923.408281026,7,3,236,#1
13923.411494342,5,3,243,#2
13923.414994496,7,4,233,#1
13923.418637198,7,4,243,#2
13923.422002248,7,5,234,#1
13923.427219189,5,3,246,#2
13923.430289567,5,5,233,#1
13923.433439341,5,2,243,#2
13923.436903844,7,4,235,#1
13923.439941108,3,2,245,#2
13923.443265321,10,3,231,#1
13923.44628914,4,2,246,#2
13923.449433617,7,3,238,#1
13923.452550555,5,4,243,#2
13923.455720737,7,5,232,#1
13923.46113212,3,2,247,#2
13923.464926927,4,3,237,#1
13923.468055199,5,1,246,#2
13923.471408618,5,3,233,#1
13923.474665141,4,1,245,#2
13923.477924516,6,4,234,#1
13923.481120571,5,3,247,#2
13923.484351888,10,5,233,#1
13923.487392671,5,3,243,#2
13923.490542889,9,1,238,#1
13923.493728073,5,2,246,#2
13923.496700925,7,3,235,#1
13923.499554415,6,2,245,#2
13923.502418314,8,5,229,#1
13923.505730989,4,3,245,#2
13923.508926655,7,4,234,#1
13923.511696343,6,1,244,#2
13923.514471252,6,6,232,#1
13923.517406898,6,3,248,#2
13923.520541244,9,4,231,#1
13923.523530208,3,3,245,#2
13923.526835179,8,5,234,#1
13923.529797493,5,2,244,#2
13923.532708784,6,4,229,#1
13923.535815906,6,5,246,#2
13923.538744958,5,6,234,#1
13923.541600726,5,4,243,#2
13923.544422992,8,4,236,#1
13923.547165881,4,2,245,#2
13923.5498791,7,4,238,#1
13923.55269918,5,3,244,#2
13923.555495148,8,2,233,#1
13923.558339081,5,1,246,#2
13923.561314563,7,4,229,#1
13923.564351642,4,5,245,#2
13923.567507527,5,4,233,#1
13923.5706891,3,3,245,#2
13923.573483604,6,3,231,#1
13923.576171377,3,0,243,#2
13923.57907,7,5,233,#1
13923.581987663,8,1,244,#2
13923.58495218,7,4,235,#1
13923.587720052,5,3,245,#2
13923.590568098,5,2,234,#1
13923.593617511,4,2,244,#2
13923.596563231,4,3,234,#1
13923.599356532,4,4,243,#2
13923.60237222,8,6,236,#1
13923.60540278,5,5,246,#2
13923.608384614,5,3,233,#1
13923.611320889,5,2,246,#2
13923.614000569,8,5,228,#1
13923.616914694,5,3,243,#2
13923.619822577,8,4,237,#1
13923.622683753,4,2,244,#2
13923.625729018,6,3,232,#1
13923.628611048,4,3,246,#2
13923.631767896,6,3,234,#1
13923.634728525,5,3,245,#2
13923.637662892,7,3,236,#1
13923.640469526,4,3,246,#2
13923.643489475,5,1,233,#1
13923.646607653,6,-1,246,#2
13923.64982908,6,5,233,#1
13923.652867623,5,2,244,#2
13923.655786063,8,4,232,#1
13923.658583715,5,1,244,#2
13923.661731507,5,7,233,#1
13923.664652003,6,0,246,#2
13923.667491529,7,3,232,#1
13923.670244548,2,2,244,#2
13923.673111187,8,4,236,#1
13923.67600068,4,2,244,#2
13923.67910721,6,6,236,#1
13923.682107527,5,1,245,#2
13923.685083749,6,7,227,#1
13923.687834731,4,1,244,#2
13923.690785655,7,5,234,#1
13923.693868738,6,2,240,#2
13923.69680705,8,4,231,#1
13923.69951464,6,4,242,#2
13923.702305569,8,4,232,#1
13923.704989712,4,1,243,#2
13923.707807478,9,5,234,#1
13923.710687266,6,2,247,#2
13923.713624226,6,5,227,#1
13923.716543481,6,2,245,#2
13923.719610729,10,4,234,#1
13923.722657495,5,2,244,#2
13923.725719687,8,3,234,#1
13923.728691279,4,3,246,#2
13923.731900409,4,3,233,#1
13923.734893263,4,1,248,#2
13923.737682044,8,3,235,#1
13923.740403968,6,1,247,#2
13923.743429861,7,4,230,#1
13923.74615986,4,3,245,#2
13923.748932862,8,5,233,#1
13923.751723755,6,2,243,#2
13923.754713108,6,2,235,#1
13923.757747076,4,1,245,#2
13923.761730398,7,4,229,#1
13923.7645004,4,3,247,#2
13923.767263791,4,4,236,#1
13923.770177304,5,3,246,#2
13923.773138877,7,3,235,#1
13923.776039501,5,1,244,#2
13923.778802243,5,3,235,#1
13923.781593747,4,2,243,#2
13923.784411716,8,5,232,#1
13923.787326341,5,3,249,#2
13923.790153181,7,4,230,#1
13923.793321937,6,2,241,#2
13923.796112478,6,4,234,#1
13923.798986359,4,1,244,#2
13923.802005029,6,4,231,#1
13923.804760992,4,3,250,#2
13923.807616834,7,7,231,#1
13923.810304588,6,2,246,#2
13923.813201989,5,7,231,#1
13923.816254643,6,3,245,#2
13923.81915084,3,3,234,#1
13923.821942473,6,2,246,#2
13923.82476259,7,4,233,#1
13923.827775667,3,4,246,#2
13923.830800726,7,6,233,#1
13923.833600545,4,3,247,#2
13923.836367176,6,5,232,#1
13923.839162143,5,3,246,#2
13923.841864343,4,3,233,#1
13923.844816452,5,4,245,#2
13923.847662811,3,4,240,#1
13923.850499541,4,4,244,#2
13923.853403201,7,4,231,#1
13923.856273433,6,2,247,#2
13923.859375332,8,5,235,#1
13923.862204024,8,2,245,#2
13923.864968488,7,2,232,#1
13923.867718543,5,-253,245,#2
13923.870420336,6,5,230,#1
13923.873508585,6,4,245,#2
13923.876444934,6,4,232,#1
13923.879403951,5,2,244,#2
13923.882196417,7,4,232,#1
13923.885116098,4,4,244,#2
13923.887944215,8,5,232,#1
13923.890734126,3,2,245,#2
13923.89353713,5,6,233,#1
13923.896219643,6,2,244,#2
13923.898881766,3,5,233,#1
13923.901684048,5,7,247,#2
13923.904754833,5,6,236,#1
13923.907565078,2,2,245,#2
13923.91062603,7,4,234,#1
13923.913483483,6,2,245,#2
13923.9165336,6,7,232,#1
13923.919318399,4,2,245,#2
13923.922075436,5,5,231,#1
13923.924933482,4,2,248,#2
13923.927658388,5,6,231,#1
13923.930477115,3,4,245,#2
13923.933457486,7,3,236,#1
13923.936354072,2,3,242,#2
13923.939217951,7,4,231,#1
13923.942241585,4,0,243,#2
13923.945326427,5,7,229,#1
13923.948136061,2,3,246,#2
13923.951015775,5,4,236,#1
13923.953708863,4,4,245,#2
13923.956399896,6,5,232,#1
13923.959200529,3,3,244,#2
13923.962272667,6,5,232,#1
13923.965010703,2,4,243,#2
13923.968023724,4,3,234,#1
13923.970895289,4,3,245,#2
13923.97384438,6,4,231,#1
13923.97673628,5,4,244,#2
13923.979446369,7,4,233,#1
13923.98212003,4,2,244,#2
13923.984804654,8,3,231,#1
13923.987509262,4,4,246,#2
13923.990505059,6,6,232,#1
13923.993452724,5,3,245,#2
13923.996298102,6,9,230,#1
13923.999094068,4,3,244,#2
13924.00965207,2,3,232,#1
13924.012589307,4,2,246,#2
13924.015490856,6,5,231,#1
13924.018254784,5,3,243,#2
13924.021282343,6,4,234,#1
13924.02397645,5,2,245,#2
13924.026825476,5,4,231,#1
13924.029752935,5,4,244,#2
13924.032801218,7,4,232,#1
13924.035849909,4,6,244,#2
13924.038649747,5,3,235,#1
13924.041417878,7,4,245,#2
13924.044162822,5,6,231,#1
13924.046815481,4,2,245,#2
13924.049865746,7,3,235,#1
13924.052610023,5,2,247,#2
13924.055574318,9,2,235,#1
13924.058401547,5,3,245,#2
13924.061444922,6,5,230,#1
13924.064230684,3,2,246,#2
13924.067054246,6,6,233,#1
13924.069742537,4,2,246,#2
13924.07246085,4,5,235,#1
13924.075217591,5,5,243,#2
13924.078190202,5,3,234,#1
13924.081057526,5,3,245,#2
13924.084078085,8,4,239,#1
13924.087022452,4,2,247,#2
13924.090113332,4,3,237,#1
13924.093300015,4,4,246,#2
13924.096170673,5,3,234,#1
13924.098849612,5,2,246,#2
13924.101560701,6,5,233,#1
13924.10420536,4,4,241,#2
13924.107119947,7,6,231,#1
13924.110195936,4,3,241,#2
13924.112985773,5,4,232,#1
13924.115789462,5,4,240,#2
13924.118766685,5,3,233,#1
13924.121780039,3,3,243,#2
13924.124534058,6,6,233,#1
13924.127231054,5,3,242,#2
13924.129902196,6,4,234,#1
13924.132588505,5,2,244,#2
13924.135416993,6,5,231,#1
13924.13849189,4,2,244,#2
13924.141465501,9,3,234,#1
13924.144377903,5,3,247,#2
13924.14725032,4,5,233,#1
13924.150205762,4,1,244,#2
13924.153099182,8,6,232,#1
13924.155758211,4,1,243,#2
13924.158451892,8,5,231,#1
13924.16111983,6,0,246,#2
13924.163898573,6,3,236,#1
13924.166875073,6,3,244,#2
13924.169893668,6,6,233,#1
13924.17282572,2,2,246,#2
13924.175755105,6,3,236,#1
13924.178736272,5,2,247,#2
13924.18172668,5,3,232,#1
13924.184423472,6,3,244,#2
13924.187197308,4,4,235,#1
13924.189884043,4,3,247,#2
13924.192762924,3,4,235,#1
13924.195805596,3,3,246,#2
13924.198675643,7,7,234,#1
13924.20147098,4,2,246,#2
13924.204344842,6,4,232,#1
13924.207165366,4,1,245,#2
13924.210178554,7,3,236,#1
13924.213008449,5,2,247,#2
13924.215718594,6,2,237,#1
13924.218378328,5,2,246,#2
13924.221063619,5,2,234,#1
13924.223998949,5,2,244,#2
13924.227223302,7,3,234,#1
13924.230104998,7,2,248,#2
13924.23295858,7,3,233,#1
13924.235979824,5,1,245,#2
13924.238783032,6,6,232,#1
13924.241465008,3,2,246,#2
13924.24417019,6,4,238,#1
13924.246816959,5,3,245,#2
13924.249491657,8,3,232,#1
13924.252439303,5,4,248,#2
13924.255611263,5,2,236,#1
13924.258628155,6,0,247,#2
13924.261587301,6,3,234,#1
13924.264557486,4,3,246,#2
13924.26740542,4,4,231,#1
13924.270198016,4,2,247,#2
13924.272910235,6,5,232,#1
13924.275616342,4,3,246,#2
13924.27830293,4,5,232,#1
13924.281273503,6,3,243,#2
13924.284242206,10,2,235,#1
13924.287062119,4,1,244,#2
13924.289897089,5,4,235,#1
13924.292903166,8,3,246,#2
13924.29606744,4,6,236,#1
13924.298929153,4,2,248,#2
13924.301690561,8,4,229,#1
13924.304367907,4,3,248,#2
13924.307067755,6,4,232,#1
13924.309903373,3,2,245,#2
13924.313080611,6,4,238,#1
13924.3160102,5,2,245,#2
13924.318852855,9,6,232,#1
13924.321756146,5,2,245,#2
13924.324736979,8,5,233,#1
13924.32772535,4,5,244,#2
13924.330443033,5,4,235,#1
13924.333113971,3,2,249,#2
13924.335785465,5,5,232,#1
13924.338542095,4,2,244,#2
13924.341857326,6,2,232,#1
13924.344869495,4,2,243,#2
13924.347709169,4,4,232,#1
13924.350661278,5,3,244,#2
13924.353785623,7,3,235,#1
13924.35651251,8,1,248,#2
13924.359374852,7,2,234,#1
13924.362075626,6,2,246,#2
13924.364832923,6,4,233,#1
13924.367635279,4,4,245,#2
13924.370881653,6,4,237,#1
13924.373657025,4,2,242,#2
13924.376705235,6,4,234,#1
13924.379668678,3,2,242,#2
13924.382586006,10,3,231,#1
13924.385317653,3,3,247,#2
13924.388023649,5,3,236,#1
13924.390708385,6,1,248,#2
13924.393423326,7,6,231,#1
13924.396260778,6,3,243,#2
13924.399418329,4,7,234,#1
13924.402288191,6,3,246,#2
13924.405135551,7,4,231,#1
13924.407888551,5,1,246,#2
13924.411163945,5,2,236,#1
13924.413926113,5,3,247,#2
13924.416654241,6,4,231,#1
13924.419317308,6,2,243,#2
13924.422149574,6,3,235,#1
13924.425042011,5,3,243,#2
13924.428225787,10,5,232,#1
13924.431076925,4,4,247,#2
13924.433924766,5,4,236,#1
13924.436748069,5,4,245,#2
13924.439706956,6,4,239,#1
13924.442461864,3,2,243,#2
13924.445297574,7,4,230,#1
13924.447988125,4,2,244,#2
13924.450687362,7,4,235,#1
13924.453456493,4,3,243,#2
13924.456495202,6,5,231,#1
13924.459503,4,2,243,#2
13924.462353601,5,4,234,#1
13924.465101008,5,2,246,#2
13924.467994872,7,7,231,#1
13924.470786968,8,3,243,#2
13924.473507447,4,4,234,#1
13924.476236482,2,3,244,#2
13924.478930793,9,4,235,#1
13924.481590471,5,5,245,#2
13924.484538635,5,3,235,#1
13924.487421034,6,4,243,#2
13924.49036342,13,3,233,#1
13924.49334868,5,2,245,#2
13924.496283362,7,4,233,#1
13924.499227118,6,3,244,#2
13924.50205155,7,2,233,#1
13924.504742768,4,4,246,#2
13924.507460913,4,2,234,#1
13924.51013987,5,3,245,#2
13924.513171041,5,4,234,#1
13924.516034236,4,4,245,#2
13924.518900467,6,3,237,#1
13924.521650912,4,4,248,#2
13924.524582945,6,5,232,#1
13924.527499366,3,2,249,#2
13924.530264534,5,4,233,#1
13924.532959326,4,2,245,#2
13924.535684139,5,4,237,#1
13924.538341187,7,1,245,#2
13924.541231494,6,6,231,#1
13924.544261091,4,1,246,#2
13924.547125656,7,1,235,#1
13924.549961793,5,3,246,#2
13924.552887918,6,4,236,#1
13924.555791634,5,3,250,#2
13924.558624622,9,4,232,#1
13924.561328452,4,0,247,#2
13924.564025096,7,4,233,#1
13924.56674026,4,3,243,#2
13924.569650736,4,5,231,#1
13924.572656571,3,2,242,#2
13924.575727856,7,3,232,#1
13924.578611978,4,2,245,#2
13924.581645816,6,4,235,#1
13924.584511363,5,2,246,#2
13924.587224267,9,5,232,#1
13924.589887667,5,3,243,#2
13924.592619036,9,5,232,#1
13924.595285511,5,3,245,#2
13924.598120759,6,5,234,#1
13924.601170005,5,4,246,#2
13924.604027569,5,3,231,#1
13924.606974771,5,4,246,#2
13924.610300336,7,5,234,#1
13924.613265946,3,2,244,#2
13924.616022002,6,4,232,#1
13924.618691569,4,2,246,#2
13924.621400548,4,3,236,#1
13924.624046447,4,3,248,#2
13924.62689677,6,3,234,#1
13924.629818006,4,4,244,#2
13924.632640437,4,5,235,#1
13924.635401049,7,4,241,#2
13924.638228722,7,3,236,#1
13924.641956746,4,2,244,#2
13924.645002085,6,4,234,#1
13924.647751307,4,5,249,#2
13924.650443154,6,4,237,#1
13924.653108814,5,4,245,#2
13924.655873834,5,1,230,#1
13924.659143765,6,-1,247,#2
13924.662170787,8,3,231,#1
13924.664940826,6,3,242,#2
13924.667782204,6,3,234,#1
13924.670792891,4,3,245,#2
13924.673808802,4,3,231,#1
13924.676493722,5,2,248,#2
13924.679265187,6,5,231,#1
13924.681933551,6,2,244,#2
13924.684764613,7,6,229,#1
13924.687713703,5,2,245,#2
13924.690564674,4,4,232,#1
13924.693691983,6,2,244,#2
13924.696512174,8,5,232,#1
13924.699431354,5,2,249,#2
13924.703712496,6,7,231,#1
13924.706460867,5,2,246,#2
13924.709207681,6,4,230,#1
13924.711874582,5,2,245,#2
13924.715264337,7,5,230,#1
13924.718240948,6,3,249,#2
13924.721113866,7,5,233,#1
13924.72393839,5,3,240,#2
13924.726979729,8,5,230,#1
13924.729918559,4,2,245,#2
13924.732859407,8,5,233,#1
13924.735563126,4,2,244,#2
13924.738260011,6,6,232,#1
13924.740939153,5,1,246,#2
13924.743861482,5,4,236,#1
13924.746866151,4,3,246,#2
13924.749698991,6,3,235,#1
13924.752479456,5,2,245,#2
13924.75554087,9,2,233,#1
13924.758454717,3,2,244,#2
13924.761264573,6,7,229,#1
13924.763937178,6,2,245,#2
13924.766629489,4,4,235,#1
13924.769270128,3,3,245,#2
13924.772053427,3,4,230,#1
13924.775217683,3,3,244,#2
13924.778273726,4,4,228,#1
13924.781112715,7,0,243,#2
13924.784009486,6,7,233,#1
13924.786900182,6,4,245,#2
13924.789643719,5,4,233,#1
13924.792465151,4,4,253,#2
13924.795269692,3,4,235,#1
13924.79795352,2,2,246,#2
13924.800712243,6,5,228,#1
13924.803749414,5,4,239,#2
13924.806781344,7,3,230,#1
13924.809678948,6,1,245,#2
13924.812498731,6,7,229,#1
13924.815331608,4,2,248,#2
13924.818308237,7,6,233,#1
13924.821028734,5,1,245,#2
13924.823772789,5,4,232,#1
13924.826443597,4,7,247,#2
13924.82914513,9,4,231,#1
13924.832194376,7,4,243,#2
13924.835059662,9,5,233,#1
13924.837869074,4,3,247,#2
13924.840637261,7,6,231,#1
13924.843473415,4,4,247,#2
13924.846381761,5,6,231,#1
13924.849133835,4,4,246,#2
13924.851851573,4,4,232,#1
13924.854537864,4,3,246,#2
13924.857241545,7,2,234,#1
13924.860250121,5,2,246,#2
13924.863219712,5,3,233,#1
13924.86603944,4,1,243,#2
13924.868910616,5,4,232,#1
13924.871766772,3,4,243,#2
13924.874612632,5,5,233,#1
13924.877419025,2,4,243,#2
13924.880149949,7,1,239,#1
13924.882808385,2,2,245,#2
13924.88549601,5,6,231,#1
13924.888269919,4,2,244,#2
13924.891242973,8,2,232,#1
13924.894322129,3,2,244,#2
13924.897158395,6,4,235,#1
13924.900092354,5,3,244,#2
13924.902993977,6,2,239,#1
13924.905796518,4,2,244,#2
13924.908493625,7,4,236,#1
13924.911208899,6,3,243,#2
13924.91388693,7,2,238,#1
13924.916659376,4,4,250,#2
13924.919770127,5,4,234,#1
13924.92260643,4,2,244,#2
13924.925771537,5,4,234,#1
13924.928532649,3,4,245,#2
13924.931463922,6,5,237,#1
13924.934176141,5,3,246,#2
13924.936903065,6,6,231,#1
13924.939562798,4,2,245,#2
13924.94232328,9,3,230,#1
13924.945100986,4,2,247,#2
13924.948377935,6,7,232,#1
13924.951235777,3,2,248,#2
13924.954108824,6,4,235,#1
13924.957154273,2,2,245,#2
13924.960152256,7,4,235,#1
13924.962991614,4,5,246,#2
13924.965700111,6,6,233,#1
13924.968382086,5,2,247,#2
13924.971094861,7,3,237,#1
13924.973858547,7,3,245,#2
13924.976933387,5,3,234,#1
13924.979868495,6,3,244,#2
13924.982893368,7,1,236,#1
13924.985781138,6,2,242,#2
13924.988792159,4,5,234,#1
13924.991486784,4,4,244,#2
13924.994225894,6,4,233,#1
13924.996920963,6,4,245,#2
13924.999611625,5,6,231,#1
13925.006713049,5,3,247,#2
13925.009901159,6,3,235,#1
13925.013099528,6,3,244,#2
13925.015896902,6,7,233,#1
13925.018718111,5,3,244,#2
13925.021687424,5,3,233,#1
13925.024719002,5,3,245,#2
13925.027563695,7,4,235,#1
13925.030256931,3,3,245,#2
13925.033118643,5,3,234,#1
13925.036308141,4,3,246,#2
13925.039165075,7,5,238,#1
13925.042295995,6,2,244,#2
13925.045280217,4,5,233,#1
13925.048230918,5,3,245,#2
13925.051029162,6,4,233,#1
13925.053718787,5,3,242,#2
13925.056425283,4,4,230,#1
13925.059144428,3,4,243,#2
13925.062052274,6,5,232,#1
13925.065184638,5,1,245,#2
13925.068049202,7,4,230,#1
13925.07085691,5,0,247,#2
13925.073682434,6,3,236,#1
13925.076786592,4,3,243,#2
13925.079535425,8,2,235,#1
13925.082287925,3,1,244,#2
13925.084986291,7,4,230,#1
13925.087643005,7,2,244,#2
13925.090455454,7,9,228,#1
13925.093680566,4,5,243,#2
13925.09652137,4,7,237,#1
13925.099444309,4,1,246,#2
13925.102367712,8,4,234,#1
13925.105410476,5,3,246,#2
13925.108301079,5,5,235,#1
13925.110993556,3,3,246,#2
13925.113818247,5,7,232,#1
13925.116672996,5,3,247,#2
13925.11960701,5,4,234,#1
13925.122688111,5,3,243,#2
13925.125821678,9,4,232,#1
13925.128688799,5,3,245,#2
13925.131534584,6,4,234,#1
13925.134409038,6,2,243,#2
13925.137457488,4,3,229,#1
13925.140454655,6,2,241,#2
13925.143355112,6,7,229,#1
13925.146077646,5,1,247,#2
13925.148899818,7,6,233,#1
13925.152202992,4,2,244,#2
13925.155088817,5,3,233,#1
13925.158002127,4,3,245,#2
13925.161067633,6,4,233,#1
13925.163959811,7,2,245,#2
13925.166752685,5,5,231,#1
13925.169424974,5,4,247,#2
13925.172143268,7,4,235,#1
13925.174827225,5,3,242,#2
13925.177605653,6,7,232,#1
13925.180789762,5,2,246,#2
13925.183631102,6,5,234,#1
13925.18656682,5,4,245,#2
13925.189454294,5,253,213,#1
13925.192670479,5,-4,223,#2
13925.195659739,4,-10,195,#1
13925.198357346,4,-14,196,#2
13925.201078084,2,-16,190,#1
13925.203755652,0,-15,200,#2
13925.206647422,27,8,194,#1
13925.209978394,18,13,216,#2
13925.21304429,56,29,208,#1
13925.215791604,62,25,235,#2
13925.218609406,62,45,213,#1
13925.221622834,48,36,251,#2
13925.224593592,50,43,81,#1
13925.227291236,43,44,292,#2
13925.230081628,20,70,368,#1
13925.232760677,17,44,324,#2
13925.235530697,9,70,224,#1
13925.238736141,19,32,248,#2
13925.241736772,26,55,244,#1
13925.244696677,36,23,236,#2
13925.247584651,22,44,220,#1
13925.250514165,-5,4,249,#2
13925.253361839,-30,-8,233,#1
13925.256054575,-50,-14,263,#2
13925.258795833,-37,-45,216,#1
13925.261468086,-31,6,262,#2
13925.264183398,-4,-7,264,#1
13925.267349098,6,0,237,#2
13925.270239757,-4,-31,186,#1
13925.273090968,-18,-27,256,#2
13925.276064912,-25,-44,253,#1
13925.279036392,-32,2,256,#2
13925.282056025,-24,-1,246,#1
13925.284755132,-22,2,247,#2
13925.287459609,-23,10,237,#1
13925.290139733,-1,13,246,#2
13925.292847747,-5,12,237,#1
13925.295875399,0,13,248,#2
13925.298784393,-12,2,229,#1
13925.30170474,-11,7,244,#2
13925.304514244,-2,0,232,#1
13925.307707354,-4,7,246,#2
13925.310924965,2,6,237,#1
13925.313713357,-2,3,244,#2
13925.316444392,-1,2,234,#1
13925.319120275,-5,-2,247,#2
13925.321807195,-3,-5,233,#1
13925.325023529,-12,-7,244,#2
13925.32816982,-7,-26,238,#1
13925.330994399,-23,-19,247,#2
13925.333833851,-22,-27,233,#1
13925.336639373,-25,-14,246,#2
13925.339597168,-29,-32,238,#1
13925.342343815,-30,-19,245,#2
13925.34505809,-30,-25,236,#1
13925.347731231,-30,-11,242,#2
13925.350416726,-30,-32,234,#1
13925.353517846,-37,-19,239,#2
13925.356438526,-28,-27,232,#1
13925.359495921,-28,-33,249,#2
13925.362417231,-30,-21,237,#1
13925.365255682,-24,-5,246,#2
13925.368143008,-24,-13,247,#1
13925.371063225,-31,-24,237,#2
13925.373881415,-31,-27,240,#1
13925.376655454,-27,-7,255,#2
13925.379439179,-24,-10,214,#1
13925.38217564,-30,-7,241,#2
13925.384945475,-20,4,242,#1
13925.38777774,-23,24,243,#2
13925.391051579,-7,22,232,#1
13925.39418735,-18,13,252,#2
13925.397051914,-6,25,224,#1
13925.399908738,-4,28,239,#2
13925.402827399,-11,26,252,#1
13925.405719521,-7,31,237,#2
13925.40876836,3,35,239,#1
13925.411778121,6,39,244,#2
13925.414720266,8,39,237,#1
13925.417592738,2,40,240,#2
13925.420492658,-1,25,229,#1
13925.423348499,10,19,247,#2
13925.426494735,5,48,231,#1
13925.429640488,16,29,245,#2
13925.432827764,29,51,216,#1
13925.435670864,13,36,236,#2
13925.438548966,21,45,221,#1
13925.441412697,19,18,241,#2
13925.444524541,24,36,223,#1
13925.447449777,24,20,239,#2
13925.450477244,35,55,224,#1
13925.453217261,35,35,234,#2
13925.455996041,40,33,239,#1
13925.458709112,38,34,244,#2
13925.461600826,45,43,229,#1
13925.464764785,50,38,242,#2
13925.467612608,53,53,233,#1
13925.470412074,53,39,245,#2
13925.473218356,56,59,237,#1
13925.476286308,55,47,243,#2
13925.47929192,60,50,232,#1
13925.481983304,56,43,241,#2
13925.484707654,61,48,231,#1
13925.487371572,53,35,243,#2
13925.490231396,52,35,224,#1
13925.493445229,30,18,244,#2
13925.496247733,26,11,233,#1
13925.499404321,15,3,244,#2
13925.502275645,14,-2,234,#1
13925.505177157,9,8,246,#2
13925.50835358,14,44,229,#1
13925.511294929,33,33,245,#2
13925.514024686,94,67,237,#1
13925.516696772,80,39,248,#2
13925.519461569,123,79,231,#1
13925.522682699,119,47,249,#2
13925.525848584,112,78,240,#1
13925.52874054,102,44,243,#2
13925.531559323,95,73,228,#1
13925.534458946,83,46,251,#2
13925.537379774,73,71,234,#1
13925.540129903,68,48,241,#2
13925.542881662,61,58,209,#1
13925.545564823,52,39,250,#2
13925.548364123,48,40,226,#1
13925.551890408,35,29,245,#2
13925.554922763,29,24,224,#1
13925.557754751,18,28,246,#2
13925.560816758,13,19,225,#1
13925.563714232,14,31,233,#2
13925.566708622,1,11,235,#1
13925.569417766,4,25,243,#2
13925.572115873,6,28,228,#1
13925.574783884,2,18,248,#2
13925.57746962,13,20,237,#1
13925.580639653,10,23,240,#2
13925.583545721,12,26,244,#1
13925.58644301,250,20,246,#2
13925.589294463,-3,-4,223,#1
13925.592358747,-11,31,242,#2
13925.595503871,-21,0,231,#1
13925.598218738,-10,9,248,#2
13925.600978054,-11,-17,255,#1
13925.603645121,-18,8,255,#2
13925.606325133,-23,-19,235,#1
13925.609736871,-18,12,252,#2
13925.613130516,-40,-20,240,#1
13925.615897943,-51,-6,246,#2
13925.618715374,-47,-24,236,#1
13925.62157116,-58,8,244,#2
13925.624557641,-60,-20,228,#1
13925.627265378,-70,-26,244,#2
13925.629996543,-67,-39,233,#1
13925.632758044,-69,-14,244,#2
13925.635438797,-74,-37,231,#1
13925.63838672,-76,-26,246,#2
13925.641311845,-77,-38,231,#1
13925.644203652,-81,-21,246,#2
13925.646994581,-74,-14,232,#1
13925.649801937,-71,-7,243,#2
13925.652746119,-32,2,235,#1
13925.655484359,-21,7,248,#2
13925.658205189,-13,26,235,#1
13925.66088448,-16,25,245,#2
13925.663595976,-18,29,236,#1
13925.666468301,-20,18,247,#2
13925.669412964,-29,-1,235,#1
13925.672200245,-52,6,247,#2
13925.67507481,-68,-26,233,#1
13925.677968303,-83,2,247,#2
13925.68094721,-90,-32,233,#1
13925.683968472,-93,0,242,#2
13925.686702063,-86,-41,234,#1
13925.689367926,-91,-10,246,#2
13925.69207557,-64,-34,241,#1
13925.694887334,-56,5,242,#2
13925.697920542,-51,-24,237,#1
13925.700718527,-18,-20,245,#2
13925.704439049,-24,-7,239,#1
13925.70728952,-16,0,246,#2
13925.710295892,-13,-8,233,#1
13925.713599733,-22,-13,243,#2
13925.716392532,3,0,224,#1
13925.719104937,-5,-34,247,#2
13925.721844158,13,4,221,#1
13925.72492461,13,-17,243,#2
13925.728137406,8,-3,10,#1
13925.731040307,5,6,257,#2
13925.733995268,-2,-240,226,#1
13925.73688876,11,-6,244,#2
13925.73985111,11,24,234,#1
13925.742601962,24,-6,241,#2
13925.745320422,23,27,223,#1
13925.747983656,24,-27,241,#2
13925.750673132,31,30,232,#1
13925.753652002,31,24,237,#2
13925.756748326,25,29,226,#1
13925.759777274,33,38,240,#2
13925.762745161,32,40,227,#1
13925.765685343,36,34,247,#2
13925.768753628,47,52,236,#1
13925.771501775,40,30,246,#2
13925.774226199,42,47,247,#1
13925.77693288,42,50,243,#2
13925.779628524,43,58,239,#1
13925.782575224,49,59,247,#2
13925.785637101,53,68,227,#1
13925.788408954,53,50,246,#2
13925.79130841,55,65,228,#1
13925.794284095,52,48,246,#2
13925.797305987,54,58,234,#1
13925.800201924,50,49,243,#2
13925.802935052,55,51,231,#1
13925.805594562,46,42,244,#2
13925.808303836,42,33,234,#1
13925.811276113,29,25,245,#2
13925.814644014,27,18,235,#1
13925.817404328,21,18,245,#2
13925.820272393,18,11,228,#1
13925.823096306,21,13,247,#2
13925.826129031,21,23,236,#1
13925.829217762,66,22,245,#2
13925.831946481,55,55,236,#1
13925.834638476,92,34,246,#2
13925.837313525,103,67,232,#1
13925.840285301,99,37,244,#2
13925.843567103,100,70,231,#1
13925.846411961,87,43,245,#2
13925.849222095,68,67,227,#1
13925.851955315,63,42,248,#2
13925.854904794,57,54,228,#1
13925.857853605,51,48,247,#2
13925.860596122,46,46,232,#1
13925.863269505,31,33,250,#2
13925.866025689,39,41,234,#1
13925.868845435,47,47,250,#2
13925.872214281,42,39,233,#1
13925.875152462,50,28,242,#2
13925.878186336,47,52,212,#1
13925.880946854,55,22,241,#2
13925.883907648,19,28,239,#1
13925.886760989,20,32,245,#2
13925.88951034,33,30,240,#1
13925.892216299,31,26,243,#2
13925.894955853,21,31,230,#1
13925.897750652,29,9,245,#2
13925.900999525,5,14,237,#1
13925.903785157,-8,13,246,#2
13925.906665408,-16,-2,238,#1
13925.909540084,-8,17,242,#2
13925.912431724,-11,4,230,#1
13925.915558439,-5,10,242,#2
13925.918323087,-21,9,242,#1
13925.921012915,-20,19,251,#2
13925.923724319,-29,0,227,#1
13925.92649319,-26,-6,243,#2
13925.929739155,-13,7,230,#1
13925.932588051,-17,10,245,#2
13925.935503286,-28,-10,233,#1
13925.938256323,-45,9,247,#2
13925.941214913,-49,-11,233,#1
13925.944128296,-53,10,246,#2
13925.94685659,-59,-29,231,#1
13925.949530953,-75,-7,245,#2
13925.952231893,-85,-36,238,#1
13925.954881903,-87,-28,251,#2
13925.958071048,-77,-44,237,#1
13925.961212764,-74,-20,242,#2
13925.964041566,-77,-53,236,#1
13925.966898408,-75,-27,247,#2
13925.969762916,-71,-43,238,#1
13925.972680781,-47,-12,248,#2
13925.97564013,-55,-1,233,#1
13925.978640909,-25,-1,245,#2
13925.98166419,-23,9,237,#1
13925.984737826,-23,8,246,#2
13925.988024313,-26,12,230,#1
13925.991301096,-33,14,247,#2
13925.994578285,-37,-5,238,#1
13925.997782655,-58,4,246,#2
13926.000796509,-56,-16,230,#1
13926.004355443,-73,4,237,#2
13926.007942103,-67,-28,231,#1
13926.011367768,-70,-12,243,#2
13926.014611603,-51,-23,228,#1
13926.017709908,-42,-12,250,#2
13926.02097919,-43,-26,240,#1
13926.024018972,-25,-8,246,#2
13926.027336572,-12,7,228,#1
13926.030604132,-21,-24,245,#2
13926.033642043,-8,-10,238,#1
13926.036740311,-6,-6,245,#2
13926.039919808,-2,-9,235,#1
13926.043104102,3,-9,252,#2
13926.046322583,3,-6,241,#1
13926.049435278,17,0,237,#2
13926.052894501,3,-250,236,#1
13926.056015031,5,11,250,#2
13926.059206584,13,15,238,#1
13926.062289036,22,16,248,#2
13926.065226717,31,27,240,#1
13926.068146989,29,4,248,#2
13926.070967217,37,27,224,#1
13926.073873451,33,17,243,#2
13926.076675973,29,35,232,#1
13926.079705809,26,24,242,#2
13926.082684531,36,40,232,#1
13926.085524056,39,27,248,#2
13926.08833569,46,41,242,#1
13926.091259722,48,35,240,#2
13926.094228313,52,56,228,#1
13926.096911158,49,42,246,#2
13926.099610394,51,55,234,#1
13926.102313945,49,40,242,#2
13926.105025553,50,61,235,#1
13926.108046796,51,47,245,#2
13926.111212273,55,59,238,#1
13926.114074393,57,44,244,#2
13926.116940049,55,50,236,#1
13926.119810003,49,45,245,#2
13926.122805559,42,36,231,#1
13926.125563318,37,13,245,#2
13926.128268925,23,13,239,#1
13926.13095803,6,10,245,#2
13926.133668156,10,8,234,#1
13926.136590836,7,13,243,#2
13926.139691808,9,22,235,#1
13926.14291216,26,14,243,#2
13926.145792133,78,51,233,#1
13926.148580691,76,28,245,#2
13926.151624473,116,70,236,#1
13926.154310967,112,36,248,#2
13926.157011425,116,72,229,#1
13926.159704439,111,39,244,#2
13926.162413694,90,70,227,#1
13926.165288777,86,45,246,#2
13926.16844605,58,61,234,#1
13926.171298243,40,29,247,#2
13926.174133879,41,40,229,#1
13926.177116267,38,40,240,#2
13926.180223258,40,39,234,#1
13926.182965868,36,35,241,#2
13926.185679846,39,38,236,#1
13926.188348802,35,41,244,#2
13926.191055001,31,43,227,#1
13926.19390862,27,30,246,#2
13926.197074227,25,33,248,#1
13926.199904788,22,41,251,#2
13926.202872027,19,35,227,#1
13926.205679809,21,40,247,#2
13926.208821728,14,26,228,#1
13926.21159647,12,28,242,#2
13926.214294429,7,7,236,#1
13926.217004591,-3,16,249,#2
13926.219704624,1,11,239,#1
13926.222485977,-1,42,240,#2
13926.225841099,-11,19,231,#1
13926.22878417,-21,254,243,#2
13926.231659698,-36,-2,230,#1
13926.234397974,-34,10,244,#2
13926.237260575,-42,-11,236,#1
13926.240184292,-36,9,242,#2
13926.242928217,-34,-9,230,#1
13926.245590598,-38,-5,249,#2
13926.248268758,-47,-24,239,#1
13926.251081244,-49,-12,250,#2
13926.25433182,-23,-28,234,#1
13926.257142473,-22,-9,242,#2
13926.260357139,-16,-14,234,#1
13926.263201313,-12,-13,248,#2
13926.266066451,-52,-23,235,#1
13926.268906272,-58,-14,244,#2
13926.271653882,-74,-31,238,#1
13926.274337339,-57,-28,243,#2
13926.277062596,-59,-32,226,#1
13926.279804613,-48,-22,246,#2
13926.28303541,-48,-25,233,#1
13926.285893863,-41,-8,244,#2
13926.288765835,-40,-251,234,#1
13926.291701849,-19,1,243,#2
13926.294791042,-2,20,236,#1
13926.29772326,-8,12,244,#2
13926.30046537,4,18,231,#1
13926.303124436,5,14,243,#2
13926.305807726,2,11,231,#1
13926.308516,3,9,245,#2
13926.311852991,-10,3,233,#1
13926.315303121,-24,7,248,#2
13926.318292528,-24,-2,237,#1
13926.321133924,-27,5,245,#2
13926.324083346,-30,-6,232,#1
13926.327167632,-38,11,246,#2
13926.329901611,-32,1,235,#1
13926.332578531,-31,14,246,#2
13926.335263432,-33,3,229,#1
13926.337909201,-24,10,243,#2
13926.341082734,-14,2,236,#1
13926.34431392,-16,12,247,#2
13926.347128888,-14,2,230,#1
13926.349936614,-12,12,247,#2
13926.352916873,-6,11,246,#1
13926.355865388,-4,20,242,#2
13926.358609554,-21,-3,236,#1
13926.361285565,-25,2,241,#2
13926.363977801,-25,7,229,#1
13926.36669815,-20,-6,255,#2
13926.369971969,-23,-4,198,#1
13926.373026141,-9,-8,250,#2
13926.376016474,-4,14,243,#1
13926.378841498,-38,13,247,#2
13926.3816255,-38,-11,233,#1
13926.384506288,-32,4,244,#2
13926.38739002,-27,-16,236,#1
13926.390140519,-20,6,244,#2
13926.39287887,-13,-10,225,#1
13926.395521119,-7,-2,241,#2
13926.398611146,16,7,236,#1
13926.401568662,19,-3,248,#2
13926.404422799,24,4,236,#1
13926.407215228,28,1,245,#2
13926.410308644,25,15,235,#1
13926.413335221,33,7,244,#2
13926.4160617,35,18,230,#1
13926.418797494,27,9,244,#2
13926.421557476,35,23,230,#1
13926.424290529,32,10,241,#2
13926.42735661,38,34,230,#1
13926.43034048,36,18,243,#2
13926.433212804,44,39,237,#1
13926.43612176,43,27,247,#2
13926.439058126,50,37,231,#1
13926.442246105,53,31,245,#2
13926.445193935,54,43,233,#1
13926.447882911,51,31,246,#2
13926.45057898,52,46,233,#1
13926.453225508,51,33,246,#2
13926.456093091,51,44,241,#1
13926.459380041,50,31,246,#2
13926.462431287,50,42,230,#1
13926.465227068,47,29,247,#2
13926.468088391,40,14,238,#1
13926.471003959,14,12,248,#2
13926.473991589,7,14,233,#1
13926.476692714,6,13,243,#2
13926.479386986,10,13,232,#1
13926.482045478,10,12,244,#2
13926.484851186,22,23,233,#1
13926.48793986,36,22,241,#2
13926.490800165,57,43,235,#1
13926.493794054,75,29,242,#2
13926.496668915,84,58,234,#1
13926.499521682,88,34,245,#2
13926.502474642,91,70,234,#1
13926.505160766,78,31,243,#2
13926.507886282,62,50,230,#1
13926.510641356,56,39,247,#2
13926.51349716,50,42,237,#1
13926.516684361,48,32,244,#2
13926.519666786,41,32,226,#1
13926.522518553,25,31,244,#2
13926.525443918,28,30,238,#1
13926.528427251,15,20,248,#2
13926.531420085,13,18,236,#1
13926.534129192,15,23,247,#2
13926.536859153,16,20,227,#1
13926.539536794,18,17,245,#2
13926.542257754,6,13,237,#1
13926.545463068,13,31,242,#2
13926.548352208,11,23,227,#1
13926.551310539,2,8,244,#2
13926.554123877,7,18,234,#1
13926.556963828,0,29,245,#2
13926.560092709,1,13,239,#1
13926.562782593,-4,8,246,#2
13926.565463327,-2,11,229,#1
13926.568121356,3,9,242,#2
13926.570799294,3,14,234,#1
13926.573929583,-3,16,247,#2
13926.577060984,246,3,233,#1
13926.579947568,-7,15,259,#2
13926.582846987,-50,-20,232,#1
13926.585657972,-56,-19,248,#2
13926.588426066,-33,-15,228,#1
13926.591103541,-42,-6,239,#2
13926.59383402,-30,6,227,#1
13926.596492493,-16,20,243,#2
13926.599168227,-17,8,235,#1
13926.602122484,-18,12,245,#2
13926.605093575,-28,-3,229,#1
13926.607912784,-41,-4,246,#2
13926.610851002,-49,-19,234,#1
13926.613631837,-44,-9,245,#2
13926.616574815,-46,-18,235,#1
13926.619429082,-36,-5,251,#2
13926.622335705,-36,-13,235,#1
13926.625013939,-30,-2,240,#2
13926.62769747,-23,-9,232,#1
13926.630515827,-26,6,241,#2
13926.633606946,-250,11,234,#1
13926.636359242,4,9,246,#2
13926.639199785,5,14,233,#1
13926.642017475,4,11,245,#2
13926.645006642,7,11,236,#1
13926.647884763,5,12,245,#2
13926.650613686,3,11,235,#1
13926.653275067,0,10,240,#2
13926.655957487,-5,14,230,#1
13926.658724636,-10,10,247,#2
13926.661828664,-21,4,236,#1
13926.664626111,-29,7,245,#2
13926.667449728,-39,-1,229,#1
13926.670229118,-50,5,245,#2
13926.673090923,-47,-6,228,#1
13926.676034549,-41,5,243,#2
13926.678812828,-44,-9,234,#1
13926.681485117,-41,-2,242,#2
13926.684149814,-38,-7,231,#1
13926.686807805,-37,9,244,#2
13926.689843772,-40,-2,237,#1
13926.692822586,-29,4,244,#2
13926.695620756,-11,-6,235,#1
13926.69838546,-20,9,246,#2
13926.701234468,-9,6,231,#1
13926.70406827,-6,11,244,#2
13926.706786489,-6,-3,237,#1
13926.709441518,-9,-3,246,#2
13926.712142809,-10,0,232,#1
13926.714812728,-22,4,247,#2
13926.717727259,-14,-6,236,#1
13926.720754447,-4,1,246,#2
13926.723995264,-5,2,240,#1
13926.73193357,-3,-252,248,#2
13926.735442538,3,1,234,#1
13926.738408314,18,20,251,#2
13926.741167944,15,13,236,#1
13926.743843418,22,-13,240,#2
13926.746721243,22,18,232,#1
13926.749693149,18,14,248,#2
13926.752512598,28,40,239,#1
13926.755415147,22,20,247,#2
13926.758261987,22,21,237,#1
13926.7611302,34,10,250,#2
13926.764036397,32,16,236,#1
13926.766885534,34,23,245,#2
13926.769613624,35,28,232,#1
13926.772335695,37,28,243,#2
13926.775043209,44,41,234,#1
13926.777796746,51,24,246,#2
13926.780733205,52,50,240,#1
13926.78374004,50,44,240,#2
13926.786702093,54,57,224,#1
13926.78954084,52,36,241,#2
13926.792762581,53,56,235,#1
13926.795597884,45,40,242,#2
13926.798566938,42,50,241,#1
13926.801391739,45,42,242,#2
13926.804357348,39,47,226,#1
13926.807273619,29,34,248,#2
13926.810267268,13,18,232,#1
13926.813009729,13,10,245,#2
13926.815778396,13,19,230,#1
13926.818535303,15,10,241,#2
13926.821500171,28,27,233,#1
13926.824297044,70,17,244,#2
13926.827222539,68,43,233,#1
13926.830225595,97,19,246,#2
13926.833122513,102,52,231,#1
13926.835905792,90,22,247,#2
13926.838675497,94,51,234,#1
13926.84173965,73,22,242,#2
13926.844780247,54,47,238,#1
13926.847456462,50,23,239,#2
13926.850171347,33,38,230,#1
13926.852816578,33,30,243,#2
13926.855669715,32,40,221,#1
13926.858685254,27,36,248,#2
13926.861596581,22,24,235,#1
13926.86444005,27,29,249,#2
13926.867214384,24,34,222,#1
13926.870105691,13,29,247,#2
13926.872922047,16,44,229,#1
13926.875604263,20,25,242,#2
13926.878288553,19,31,226,#1
13926.880997567,18,21,245,#2
13926.883725249,18,30,230,#1
13926.886672042,16,18,247,#2
13926.889464174,13,13,244,#1
13926.89246147,12,18,246,#2
13926.895348295,18,29,220,#1
13926.898116295,11,20,248,#2
13926.901024418,0,8,236,#1
13926.903735358,4,9,243,#2
13926.906421741,3,18,233,#1
13926.909081381,7,8,246,#2
13926.91175204,4,12,229,#1
13926.914746929,-10,8,244,#2
13926.917616326,-6,11,235,#1
13926.920436387,-12,11,241,#2
13926.923220222,-3,-1,234,#1
13926.926144438,-12,6,248,#2
13926.929146865,-26,3,235,#1
13926.931968758,-27,6,246,#2
13926.934683069,-27,-8,231,#1
13926.937347339,-26,2,247,#2
13926.940084467,-34,-2,230,#1
13926.943050946,-50,4,246,#2
13926.94596631,-46,-19,237,#1
13926.948805816,-58,-9,246,#2
13926.951758924,-57,-40,228,#1
13926.954586355,-122,-71,264,#2
13926.957517461,-84,-30,233,#1
13926.960285128,-79,15,246,#2
13926.963000291,-58,-2,234,#1
13926.96574403,-58,-4,246,#2
13926.968578166,-16,2,230,#1
13926.971567276,-20,11,247,#2
13926.974824298,2,12,238,#1
13926.977866024,6,7,246,#2
13926.980794981,5,12,234,#1
13926.983806427,-4,12,246,#2
13926.986743293,-5,13,236,#1
13926.989754091,-18,13,247,#2
13926.992791168,-15,1,235,#1
13926.995547334,-38,11,251,#2
13926.998249181,-59,-1,233,#1
13927.006641356,-61,12,248,#2
13927.009810037,-50,-7,232,#1
13927.012901156,-38,2,250,#2
13927.015746014,-29,2,232,#1
13927.018607615,-31,3,248,#2
13927.021617135,-26,-6,242,#1
13927.024607875,-18,4,244,#2
13927.027422583,-24,-2,231,#1
13927.030167544,-23,0,243,#2
13927.033332077,-24,-252,229,#1
13927.036146266,-21,-5,245,#2
13927.039014386,-16,5,237,#1
13927.04191073,-18,10,247,#2
13927.045011127,-18,-5,236,#1
13927.04788934,-19,5,246,#2
13927.05060028,-20,-4,236,#1
13927.053271365,-21,9,244,#2
13927.055953322,-16,-5,225,#1
13927.058609387,-9,18,249,#2
13927.061698284,-7,-6,236,#1
13927.064808515,-3,2,241,#2
13927.067639539,2,3,231,#1
13927.0704133,-1,20,241,#2
13927.073302124,7,15,219,#1
13927.07629705,12,6,246,#2
13927.07915991,16,6,234,#1
13927.081948338,20,-6,247,#2
13927.084665742,16,9,234,#1
13927.087462467,12,-6,244,#2
13927.090432965,11,4,249,#1
13927.093386758,28,12,255,#2
13927.096248655,32,22,234,#1
13927.099129998,25,3,242,#2
13927.101947743,22,14,224,#1
13927.104766118,25,15,251,#2
13927.107485503,33,32,247,#1
13927.110176331,29,21,249,#2
13927.112855324,44,46,237,#1
13927.115510278,47,23,243,#2
13927.118432939,47,40,228,#1
13927.12154456,43,14,241,#2
13927.124454831,43,42,232,#1
13927.127442775,52,19,241,#2
13927.130254575,53,50,230,#1
13927.133151567,53,28,244,#2
13927.136589566,58,55,234,#1
13927.139277301,52,36,250,#2
13927.142013928,56,58,227,#1
13927.144675105,56,43,246,#2
13927.147579413,48,53,235,#1
13927.150650104,43,44,248,#2
13927.153450033,46,48,233,#1
13927.156271797,32,35,244,#2
13927.159356508,27,29,232,#1
13927.162405105,10,15,244,#2
13927.16520946,9,16,232,#1
13927.167899547,12,13,244,#2
13927.17059569,15,22,237,#1
13927.173326391,24,13,244,#2
13927.176355893,40,24,233,#1
13927.179409528,57,14,249,#2
13927.18226661,77,47,234,#1
13927.185069594,95,20,245,#2
13927.188110931,97,46,235,#1
13927.191047908,74,19,247,#2
13927.194381639,61,53,234,#1
13927.197062022,55,27,241,#2
13927.199734348,46,46,230,#1
13927.202392839,40,13,246,#2
13927.205165525,36,37,233,#1
13927.208204436,30,23,245,#2
13927.21117086,38,38,225,#1
13927.214080038,34,28,250,#2
13927.216931064,37,29,221,#1
13927.219774478,39,20,243,#2
13927.222591686,30,31,250,#1
13927.225437674,19,17,241,#2
13927.228151985,18,13,234,#1
13927.230825366,11,14,241,#2
13927.233554567,19,22,232,#1
13927.236550994,-1,15,244,#2
13927.239561921,17,15,232,#1
13927.242537086,17,15,248,#2
13927.245399001,6,12,232,#1
13927.248196338,2,21,240,#2
13927.251117628,11,14,226,#1
13927.253912779,9,24,245,#2
13927.256661629,-1,20,222,#1
13927.25936105,247,20,248,#2
13927.262049396,-8,1,234,#1
13927.265068231,-16,15,252,#2
13927.26867454,-4,6,235,#1
13927.271769326,-7,14,245,#2
13927.274905004,-3,5,236,#1
13927.278099872,-21,2,247,#2
13927.281402323,-24,-5,231,#1
13927.284237236,-26,9,246,#2
13927.287040628,-25,-2,231,#1
13927.28978496,-30,3,246,#2
13927.292669284,-36,-5,232,#1
13927.295844336,-35,1,245,#2
13927.2988936,-36,-9,233,#1
13927.301833207,-44,-1,245,#2
13927.304825892,-42,-13,231,#1
13927.30793679,-46,-2,247,#2
13927.311344675,-49,-14,237,#1
13927.314187256,-51,-10,245,#2
13927.317029595,-48,-10,233,#1
13927.320134049,-48,-4,243,#2
13927.323123567,-39,-2,233,#1
13927.326579067,-38,0,245,#2
13927.329974025,-25,12,233,#1
13927.332841478,-21,10,245,#2
13927.335629776,-4,25,230,#1
13927.338393573,0,12,242,#2
13927.341427854,7,12,233,#1
13927.344385295,-11,10,244,#2
13927.34709905,-41,-9,240,#1
13927.349747801,-50,7,245,#2
13927.35250367,-59,-15,233,#1
13927.355612568,-63,8,250,#2
13927.358573195,-66,-21,233,#1
13927.361563973,-68,0,248,#2
13927.364412295,-57,-21,229,#1
13927.367393183,-51,-234,242,#2
13927.370297157,-40,-11,229,#1
13927.37297265,-39,-76,271,#2
13927.375698776,7,4,265,#1
13927.37836462,-16,3,248,#2
13927.381039947,-11,19,235,#1
13927.384114435,-49,3,246,#2
13927.386961812,-47,-2,238,#1
13927.389753166,-31,20,243,#2
13927.392863657,-41,-11,242,#1
13927.395863602,-22,5,252,#2
13927.398885567,-1,15,226,#1
13927.401587062,-1,-3,245,#2
13927.404303614,-8,9,243,#1
13927.406954142,-6,10,243,#2
13927.409657637,-14,-1,224,#1
13927.412859543,-17,10,249,#2
13927.4157785,-6,1,227,#1
13927.418619172,-3,-3,245,#2
13927.42144001,1,-4,226,#1
13927.424445197,12,-2,236,#2
13927.427692736,3,0,227,#1
13927.430424251,5,10,247,#2
13927.433129395,12,8,227,#1
13927.435793517,28,8,246,#2
13927.438472139,22,6,233,#1
13927.441392522,15,5,244,#2
13927.444509773,15,15,236,#1
13927.447347112,14,-4,240,#2
13927.450229048,27,26,233,#1
13927.453148912,22,15,245,#2
13927.456132819,34,26,221,#1
13927.458850371,35,26,242,#2
13927.461572608,39,18,241,#1
13927.464258232,37,15,238,#2
13927.466953356,44,33,229,#1
13927.469768953,34,18,250,#2
13927.472895778,47,32,248,#1
13927.475991768,49,22,245,#2
13927.478906576,47,48,231,#1
13927.481759287,47,35,246,#2
13927.484876723,44,50,233,#1
13927.487587126,55,38,244,#2
13927.49029314,51,55,230,#1
13927.492969392,56,39,246,#2
13927.49565496,59,58,228,#1
13927.49847402,54,46,241,#2
13927.501637664,53,52,233,#1
13927.504434185,49,47,244,#2
13927.507264672,46,41,232,#1
13927.510211761,44,36,248,#2
13927.513310195,24,22,230,#1
13927.516071732,21,11,249,#2
13927.518782635,25,16,231,#1
13927.521451146,24,5,247,#2
13927.524132602,36,21,233,#1
13927.527029206,53,5,246,#2
13927.530441017,58,30,226,#1
13927.533243872,86,11,245,#2
13927.536078489,87,47,239,#1
13927.538868658,90,13,247,#2
13927.542102233,89,44,236,#1
13927.54507262,72,18,250,#2
13927.547804321,50,24,234,#1
13927.550480554,59,19,248,#2
13927.553171086,38,24,238,#1
13927.55592064,43,19,245,#2
13927.559262298,41,30,225,#1
13927.56220559,37,46,243,#2
13927.565027558,22,18,234,#1
13927.567810467,23,22,247,#2
13927.570790299,27,30,234,#1
13927.573863009,27,14,243,#2
13927.576627379,31,38,231,#1
13927.579314484,23,44,247,#2
13927.582029036,25,7,217,#1
13927.584717437,21,29,248,#2
13927.587849708,20,8,243,#1
13927.590673583,23,19,249,#2
13927.593899768,19,23,225,#1
13927.596742479,6,27,242,#2
13927.599870749,8,12,231,#1
13927.602776445,6,26,246,#2
13927.605527722,7,36,225,#1
13927.608199918,7,15,242,#2
13927.610898969,0,14,234,#1
13927.613682804,-5,20,243,#2
13927.616783294,-5,13,228,#1
13927.619714807,-10,25,247,#2
13927.62257839,-23,7,242,#1
13927.625653489,-16,23,246,#2
13927.628767387,-10,-8,237,#1
13927.63188149,-24,9,239,#2
13927.634724255,-33,-15,238,#1
13927.637410008,-29,1,246,#2
13927.640128023,-17,-1,239,#1
13927.642949713,-15,11,246,#2
13927.646181158,-34,-4,227,#1
13927.649053704,-26,7,243,#2
13927.651976958,-33,-9,239,#1
13927.654732698,-36,243,244,#2
13927.657847911,-32,-10,232,#1
13927.660908268,-40,-3,246,#2
13927.663639173,-38,-10,235,#1
13927.666309684,-38,-5,246,#2
13927.668994419,-33,-8,238,#1
13927.671646743,-40,0,244,#2
13927.674744437,-38,-9,231,#1
13927.677991864,-39,2,247,#2
13927.680929397,-35,1,235,#1
13927.683674488,-39,3,245,#2
13927.686427728,-28,9,236,#1
13927.689378299,-33,13,245,#2
13927.692555184,-21,17,233,#1
13927.695371929,-12,16,248,#2
13927.698067812,-1,25,232,#1
13927.700717025,4,12,244,#2
13927.703811515,8,10,230,#1
13927.706709044,5,10,244,#2
13927.709820424,7,12,236,#1
13927.712628576,3,11,245,#2
13927.715547348,6,13,240,#1
13927.718451229,2,9,246,#2
13927.721211044,-2,253,233,#1
13927.72392228,-9,2,247,#2
13927.726627591,-12,-15,231,#1
13927.729322215,-28,0,243,#2
13927.732364867,-30,-14,234,#1
13927.735419279,-35,-2,244,#2
13927.738230524,-32,-11,236,#1
13927.741017914,-30,0,246,#2
13927.744279084,-27,-10,237,#1
13927.747313476,-27,1,245,#2
13927.750353795,-25,-6,237,#1
13927.753059587,-21,4,250,#2
13927.755749655,-22,-4,233,#1
13927.75841098,-27,16,243,#2
13927.761360699,-22,2,225,#1
13927.764371163,-26,12,245,#2
13927.767210428,-25,6,231,#1
13927.770124718,-18,1,241,#2
13927.773061214,-19,13,229,#1
13927.776230172,-12,7,246,#2
13927.779062326,-8,6,225,#1
13927.781743097,-12,7,241,#2
13927.784426998,-15,-8,242,#1
13927.787082193,-17,13,4,#2
13927.790110585,-14,14,251,#1
13927.793281747,-14,4,248,#2
13927.796201741,-10,6,238,#1
13927.799035025,-9,-8,250,#2
13927.80205136,-2,0,233,#1
13927.805008893,-1,13,246,#2
13927.807732556,-2,7,228,#1
13927.810425032,-4,-5,243,#2
13927.813134397,-4,7,241,#1
13927.815802204,4,20,246,#2
13927.818662175,7,14,222,#1
13927.821944846,-4,14,242,#2
13927.825052614,-241,17,227,#1
13927.828300171,16,10,238,#2
13927.831385141,21,27,244,#1
13927.834621882,27,5,245,#2
13927.837741262,34,25,234,#1
13927.84056134,38,28,249,#2
13927.84328504,40,38,236,#1
13927.845947754,38,20,241,#2
13927.848830856,35,38,238,#1
13927.851825337,35,37,241,#2
13927.854659213,41,39,235,#1
13927.857485162,46,16,243,#2
13927.860639434,44,43,235,#1
13927.863689493,49,27,246,#2
13927.866492904,55,45,234,#1
13927.869187305,53,34,245,#2
13927.871879021,53,47,231,#1
13927.874538253,48,31,243,#2
13927.877433078,54,44,230,#1
13927.880370018,55,34,245,#2
13927.883251268,50,37,232,#1
13927.886064938,43,27,245,#2
13927.888898869,34,24,234,#1
13927.891891721,31,20,247,#2
13927.894687056,21,15,226,#1
13927.897376994,15,14,248,#2
13927.900118029,10,17,230,#1
13927.902792781,23,11,243,#2
13927.905640176,20,18,238,#1
13927.908727183,56,3,246,#2
13927.911744963,54,44,231,#1
13927.914522371,85,10,247,#2
13927.917381434,92,49,227,#1
13927.920303002,89,8,248,#2
13927.923244293,65,41,242,#1
13927.925929954,65,22,245,#2
13927.928618225,42,33,237,#1
13927.931338258,42,10,249,#2
13927.934043253,36,33,238,#1
13927.937001898,35,25,247,#2
13927.939858183,30,29,228,#1
13927.94280579,28,29,241,#2
13927.945656704,22,38,236,#1
13927.948515471,33,30,245,#2
13927.95148282,36,26,238,#1
13927.957786956,26,6,251,#2
13927.960607552,14,10,232,#1
13927.963413481,22,18,236,#2
13927.966452318,20,16,241,#1
13927.969259247,19,36,246,#2
13927.972137737,26,36,241,#1
13927.974924146,15,33,238,#2
13927.977996282,24,19,247,#1
13927.980796581,13,25,239,#2
13927.983505743,14,8,231,#1
13927.986175513,13,26,239,#2
13927.988854617,11,23,245,#1
13927.991502292,22,0,244,#2
13927.994447343,251,16,227,#1
13927.997308129,-19,16,245,#2
13928.000858006,-25,5,238,#1
13928.003850098,-28,20,249,#2
13928.006950681,-27,-2,224,#1
13928.010210776,-32,24,245,#2
13928.01364294,-31,-5,234,#1
13928.016698278,-25,9,241,#2
13928.019562786,-14,0,237,#1
13928.02224689,-26,8,246,#2
13928.025321137,-29,7,233,#1
13928.02837866,-33,2,249,#2
13928.031192608,-28,-4,231,#1
13928.034128252,-37,-5,247,#2
13928.037095286,-26,-9,231,#1
13928.040104454,-30,2,247,#2
13928.042839451,-32,-6,234,#1
13928.045505202,-34,-254,238,#2
13928.048188862,-35,-11,239,#1
13928.050836741,-36,-5,244,#2
13928.05381198,-40,-9,229,#1
13928.056739493,-40,-5,246,#2
13928.059622132,-38,-10,233,#1
13928.062400892,-34,0,246,#2
13928.065216451,-30,-254,234,#1
13928.068266178,-27,1,246,#2
13928.071076662,-25,12,233,#1
13928.073743673,-8,7,246,#2
13928.076433889,-250,11,232,#1
13928.079083268,7,12,248,#2
13928.082004429,8,14,232,#1
13928.085066508,6,10,243,#2
13928.087860214,6,12,232,#1
13928.090628066,4,9,246,#2
13928.093497259,1,7,235,#1
13928.096387658,-13,11,248,#2
13928.09924885,-19,2,236,#1
13928.101947178,-34,15,249,#2
13928.104671452,-38,1,230,#1
13928.107334425,-34,15,248,#2
13928.110236084,-36,-3,230,#1
13928.113243696,-24,16,245,#2
13928.11606909,-19,4,227,#1
13928.118881556,-25,11,246,#2
13928.121724007,-24,6,244,#1
13928.124645334,-28,26,248,#2
13928.127627888,-21,23,224,#1
13928.130313011,-18,22,250,#2
13928.133060343,-25,2,237,#1
13928.135734428,-23,15,244,#2
13928.138537523,-29,6,245,#1
13928.14168422,-17,7,243,#2
13928.144798933,-21,3,231,#1
13928.147538783,-21,-1,247,#2
13928.150339915,-29,-23,252,#1
13928.153185273,-26,12,245,#2
13928.156171476,-28,9,238,#1
13928.158954922,-24,3,246,#2
13928.16171668,-33,3,224,#1
13928.164372579,-27,4,247,#2
13928.167050757,-15,30,218,#1
13928.170144783,-3,-2,241,#2
13928.173069314,-10,241,263,#1
13928.176081297,0,-30,248,#2
13928.178918061,-12,6,236,#1
13928.181733547,-3,-5,244,#2
13928.184666819,-255,8,240,#1
13928.187400817,-5,-6,247,#2
13928.190122943,7,10,226,#1
13928.192809418,11,-3,236,#2
13928.19550093,9,11,236,#1
13928.198444018,5,-3,248,#2
13928.201413645,19,23,235,#1
13928.204227631,21,0,240,#2
13928.207038301,21,11,235,#1
13928.209986148,21,-2,248,#2
13928.213034226,24,15,234,#1
13928.215750019,41,11,240,#2
13928.218445513,38,33,232,#1
13928.221102171,30,13,244,#2
13928.223781386,32,27,232,#1
13928.226602483,39,19,244,#2
13928.229618299,46,51,232,#1
13928.232373557,52,28,244,#2
13928.235235898,52,50,228,#1
13928.237989082,46,29,245,#2
13928.240984193,54,48,236,#1
13928.243879333,53,34,243,#2
13928.246596569,59,55,234,#1
13928.249243171,55,40,245,#2
13928.251931998,59,46,232,#1
13928.254665995,52,36,246,#2
13928.257646401,52,45,230,#1
13928.260702943,43,32,244,#2
13928.263603731,38,25,230,#1
13928.266430162,26,18,244,#2
13928.269383991,22,16,232,#1
13928.272139083,18,16,241,#2
13928.274833966,23,16,231,#1
13928.277481141,29,8,244,#2
13928.280208583,38,24,231,#1
13928.282909281,45,4,247,#2
13928.285795457,62,35,233,#1
13928.288720877,67,14,246,#2
13928.291656391,70,37,232,#1
13928.294697765,64,16,244,#2
13928.297586571,49,41,231,#1
13928.300419261,46,25,246,#2
13928.303364183,37,39,236,#1
13928.306119719,36,18,248,#2
13928.308888089,34,29,225,#1
13928.31161753,28,27,250,#2
13928.314361343,27,33,233,#1
13928.317057486,22,25,242,#2
13928.319793779,12,21,234,#1
13928.322650657,17,18,244,#2
13928.325747906,16,15,243,#1
13928.328729145,26,19,246,#2
13928.331616062,27,35,222,#1
13928.334470254,31,20,241,#2
13928.337272423,30,48,235,#1
13928.340167656,16,34,244,#2
13928.343117596,15,19,232,#1
13928.345908043,8,19,239,#2
13928.348682154,5,4,225,#1
13928.351419096,6,20,248,#2
13928.354171447,4,6,237,#1
13928.356860163,2,19,244,#2
13928.359725541,10,19,229,#1
13928.362816363,9,13,244,#2
13928.365700724,6,22,225,#1
13928.368642016,-3,10,245,#2
13928.371450908,2,8,242,#1
13928.374264597,0,17,244,#2
13928.377306101,-5,6,235,#1
13928.38027958,-21,16,247,#2
13928.382994372,-17,6,238,#1
13928.385653882,-19,25,243,#2
13928.388323004,-23,-10,239,#1
13928.390968235,-26,11,247,#2
13928.393903155,-24,-5,237,#1
13928.396862448,-20,13,245,#2
13928.399802296,-11,-3,236,#1
13928.402622726,-24,-3,246,#2
13928.405434989,-25,-7,232,#1
13928.408350204,-27,3,246,#2
13928.411445008,-31,-11,233,#1
13928.414122168,-33,1,246,#2
13928.41680479,-29,-8,236,#1
13928.41945141,-30,-1,247,#2
13928.422263229,-32,-11,236,#1
13928.425327012,-32,1,246,#2
13928.428216855,-36,-6,232,#1
13928.431175592,-37,2,245,#2
13928.434051045,-34,-4,234,#1
13928.436987855,-35,6,249,#2
13928.439703703,-28,7,237,#1
13928.442382974,-4,14,248,#2
13928.445079523,-6,12,237,#1
13928.447728736,6,11,245,#2
13928.450488458,7,14,233,#1
13928.453512682,6,11,243,#2
13928.456409359,5,14,230,#1
13928.459548778,4,11,243,#2
13928.462536906,-6,7,231,#1
13928.465383672,-12,10,250,#2
13928.468156821,-28,-2,236,#1
13928.470839925,-33,10,244,#2
13928.473527956,-34,-1,228,#1
13928.476190336,-32,10,246,#2
13928.479104051,-29,-4,234,#1
13928.482135202,-24,14,246,#2
13928.485157889,-21,5,229,#1
13928.487982727,-18,16,246,#2
13928.490903777,-23,0,240,#1
13928.493742449,-16,15,245,#2
13928.496746283,-16,7,242,#1
13928.499531914,-21,9,245,#2
13928.502277931,-17,18,229,#1
13928.504928384,-19,16,244,#2
13928.507710441,-20,8,228,#1
13928.510646917,-18,-2,245,#2
13928.513563577,-27,12,242,#1
13928.51640688,-28,5,247,#2
13928.519196252,-23,18,226,#1
13928.522088465,-22,-12,249,#2
13928.525033054,-19,-7,223,#1
13928.527901451,-18,12,244,#2
13928.530621632,-16,2,231,#1
13928.533293161,-23,-1,251,#2
13928.536028733,-22,-6,243,#1
13928.539144724,-12,-21,245,#2
13928.542236898,0,12,226,#1
13928.545259511,-4,1,245,#2
13928.548063977,-2,8,242,#1
13928.550916521,-5,-1,244,#2
13928.55379627,-6,16,222,#1
13928.556731932,3,-4,249,#2
13928.559560344,8,22,226,#1
13928.562245578,6,7,242,#2
13928.564926571,11,8,239,#1
13928.567806155,18,13,251,#2
13928.570804321,24,28,225,#1
13928.573584581,18,8,246,#2
13928.576570877,28,27,214,#1
13928.579385825,32,5,246,#2
13928.582255166,37,26,237,#1
13928.584934789,35,20,246,#2
13928.587636469,34,32,221,#1
13928.590290904,28,21,251,#2
13928.592991584,41,37,229,#1
13928.595730841,47,28,243,#2
13928.598893187,49,39,227,#1
13928.601679096,40,24,245,#2
13928.604492804,45,48,227,#1
13928.607300085,52,32,243,#2
13928.610405297,53,46,231,#1
13928.613194688,53,31,244,#2
13928.615891608,60,50,234,#1
13928.61854871,58,38,247,#2
13928.62123274,52,41,235,#1
13928.623931809,50,30,244,#2
13928.626955737,43,29,229,#1
13928.629844061,44,14,243,#2
13928.632681326,21,13,228,#1
13928.635468568,10,10,244,#2
13928.638356745,11,11,232,#1
13928.641227549,15,12,242,#2
13928.643985104,19,18,238,#1
13928.646650855,46,10,243,#2
13928.649334496,58,37,229,#1
13928.651974486,83,14,244,#2
13928.654918482,92,46,233,#1
13928.657892147,94,23,247,#2
13928.660961282,94,57,231,#1
13928.663779619,76,15,241,#2
13928.666593475,72,44,237,#1
13928.669468613,56,14,245,#2
13928.672301822,38,32,229,#1
13928.674986,37,29,247,#2
13928.677660567,27,25,236,#1
13928.680314928,32,32,246,#2
13928.683226181,27,27,237,#1
13928.686240385,26,20,246,#2
13928.689049296,31,41,236,#1
13928.691971086,29,22,241,#2
13928.694906618,29,40,223,#1
13928.697814518,28,23,248,#2
13928.700633615,20,17,242,#1
13928.703300292,20,19,247,#2
13928.706000639,19,34,218,#1
13928.708641277,17,44,242,#2
13928.711525008,-4,15,228,#1
13928.714509637,-10,20,247,#2
13928.717310306,-8,12,243,#1
13928.720140755,-24,30,246,#2
13928.722920775,-16,5,234,#1
13928.726031543,-4,27,248,#2
13928.729052508,6,15,228,#1
13928.731754373,6,18,245,#2
13928.734449793,-2,4,244,#1
13928.737180216,-3,12,248,#2
13928.739916806,-6,10,236,#1
13928.743104858,-5,15,240,#2
13928.746201274,-15,4,231,#1
13928.749031631,-14,7,246,#2
13928.751945105,-8,0,238,#1
13928.754814039,-15,14,246,#2
13928.757618857,-15,-2,233,#1
13928.76089838,-17,5,250,#2
13928.763621765,-15,247,234,#1
13928.766291442,-18,2,250,#2
13928.769001493,-15,-5,235,#1
13928.771931543,-18,3,246,#2
13928.774871872,-21,-4,235,#1
13928.77771723,-18,0,244,#2
13928.780515881,-26,-8,232,#1
13928.783311457,-28,0,249,#2
13928.786241007,-25,-8,230,#1
13928.788917499,-30,-3,248,#2
13928.791604975,-31,-9,234,#1
13928.794248853,-28,0,246,#2
13928.796906474,-25,-4,235,#1
13928.799761907,-30,-1,247,#2
13928.802756888,-28,2,235,#1
13928.805537685,-26,4,246,#2
13928.808554427,-24,8,233,#1
13928.811556519,-26,4,247,#2
13928.814449455,-16,11,237,#1
13928.817214732,-18,8,243,#2
13928.819968564,-11,11,231,#1
13928.822686004,0,11,245,#2
13928.825356644,8,13,233,#1
13928.828124718,6,11,246,#2
13928.831200038,9,14,234,#1
13928.833952851,5,11,246,#2
13928.836797339,4,14,234,#1
13928.839556838,4,10,246,#2
13928.842639585,-3,6,235,#1
13928.84551563,-10,8,248,#2
13928.848264054,-25,-4,236,#1
13928.850943732,-32,8,246,#2
13928.853638429,-37,-8,233,#1
13928.856374019,-37,11,245,#2
13928.859536902,-41,-14,238,#1
13928.862458136,-39,12,243,#2
13928.865286122,-32,-11,233,#1
13928.868107071,-31,5,244,#2
13928.871107793,-32,-10,232,#1
13928.873884348,-24,18,245,#2
13928.876588176,-28,-2,227,#1
13928.879252631,-27,-1,242,#2
13928.881950162,-26,-248,235,#1
13928.884740367,-16,24,242,#2
13928.887794204,-20,2,230,#1
13928.890650507,-27,9,241,#2
13928.893629524,-12,4,240,#1
13928.896438119,-15,4,239,#2
13928.899302534,-17,11,214,#1
13928.902135909,-17,14,244,#2
13928.904850368,-21,-3,245,#1
13928.907509859,-23,13,247,#2
13928.910212168,-18,-1,227,#1
13928.91286877,-8,17,241,#2
13928.91599052,-12,-15,234,#1
13928.918838081,-18,-4,243,#2
13928.921693718,-12,4,240,#1
13928.924450902,-12,-2,246,#2
13928.927363487,-16,5,231,#1
13928.930273387,-3,-14,244,#2
13928.932991642,3,54,232,#1
13928.935651114,36,31,505,#2
13928.938389908,17,8,233,#1
13928.941089865,7,0,248,#2
13928.94396604,-8,8,235,#1
13928.947046824,-11,2,242,#2
13928.949823324,10,17,231,#1
13928.952574526,15,11,252,#2
13928.955428311,25,23,224,#1
13928.958374899,27,8,245,#2
13928.961327635,44,28,248,#1
13928.964021444,48,16,246,#2
13928.966723605,44,29,241,#1
13928.969369558,34,9,241,#2
13928.97212776,38,27,238,#1
13928.975175023,34,15,245,#2
13928.978195191,43,30,232,#1
13928.981023047,47,29,250,#2
13928.983930391,53,42,228,#1
13928.986807752,53,23,245,#2
13928.989511098,48,44,232,#1
13928.992184201,54,29,248,#2
13928.9948939,52,42,232,#1
13928.997552317,49,34,243,#2
13929.000939384,54,44,236,#1
13929.004040151,52,33,245,#2
13929.007130325,56,42,230,#1
13929.010252427,51,33,245,#2
13929.013124009,37,26,233,#1
13929.015881952,33,12,243,#2
13929.018837856,21,15,227,#1
13929.021788741,9,14,245,#2
13929.024798093,10,12,232,#1
13929.027798815,16,11,244,#2
13929.030515311,18,18,237,#1
13929.033493179,46,7,243,#2
13929.036432748,47,43,231,#1
13929.039295533,74,8,248,#2
13929.042185839,78,37,234,#1
13929.045096294,77,12,248,#2
13929.048013343,57,46,227,#1
13929.050749914,58,13,248,#2
13929.053451723,40,36,232,#1
13929.05609225,29,21,246,#2
13929.058767464,32,42,232,#1
13929.063743067,33,19,247,#2
13929.066646892,36,25,232,#1
13929.069539976,24,24,244,#2
13929.072374351,28,49,219,#1
13929.075354368,15,38,239,#2
13929.07822645,23,23,241,#1
13929.080935111,15,18,247,#2
13929.083673405,25,36,227,#1
13929.086318765,16,28,245,#2
13929.089081968,21,28,227,#1
13929.092382103,9,30,248,#2
13929.095436422,11,29,226,#1
13929.098326913,16,26,244,#2
13929.101183012,8,17,235,#1
13929.104044871,3,9,245,#2
13929.106952141,4,11,243,#1
13929.109666044,3,17,248,#2
13929.112380798,-16,14,230,#1
13929.11506068,-26,22,245,#2
13929.117790825,-24,11,231,#1
13929.121134685,-9,16,244,#2
13929.124098441,-9,-1,234,#1
13929.127217784,-7,12,243,#2
13929.130173965,-13,2,237,#1
13929.133014008,-13,11,247,#2
13929.135942113,-14,2,232,#1
13929.138638422,-15,16,244,#2
13929.141477649,-16,-2,241,#1
13929.14415829,-15,0,246,#2
13929.146907344,-12,-3,234,#1
13929.150262113,-14,1,242,#2
13929.153181328,-16,-3,238,#1
13929.156016703,-19,7,245,#2
13929.159108044,-21,0,233,#1
13929.162140083,-17,7,244,#2
13929.165065299,-11,3,233,#1
13929.167776202,-11,4,245,#2
13929.170504494,-15,3,233,#1
13929.173204285,-15,9,246,#2
13929.175965488,-18,1,239,#1
13929.179242954,-22,2,248,#2
13929.182133964,-19,-1,234,#1
13929.184963024,-16,4,247,#2
13929.187776731,-16,2,236,#1
13929.190661351,-18,5,244,#2
13929.193665758,-16,4,233,#1
13929.196345584,-14,7,247,#2
13929.19905382,-10,7,235,#1
13929.20172683,-7,10,246,#2
13929.20441612,-4,10,235,#1
13929.207547593,2,12,245,#2
13929.210750313,7,13,232,#1
13929.213618654,6,10,247,#2
13929.216463215,5,15,232,#1
13929.219272385,4,7,245,#2
13929.222194415,6,13,228,#1
13929.224914337,1,9,247,#2
13929.227612313,4,10,234,#1
13929.230298435,-4,10,245,#2
13929.232980113,-8,8,233,#1
13929.236108401,-14,8,246,#2
13929.239083658,-18,2,230,#1
13929.24208888,-25,9,245,#2
13929.244972574,-28,-1,233,#1
13929.247720221,-31,14,238,#2
13929.250767335,-20,-3,240,#1
13929.253538965,-25,14,244,#2
13929.256261498,-26,2,235,#1
13929.258953473,-30,10,246,#2
13929.26166006,-24,3,228,#1
13929.264763976,-21,14,246,#2
13929.26785376,-21,-2,236,#1
13929.270707582,-17,11,243,#2
13929.273553365,-31,3,229,#1
13929.27651214,-30,23,245,#2
13929.2794836,-22,2,232,#1
13929.282233969,-27,2,249,#2
13929.284947167,-12,2,238,#1
13929.287619937,-11,7,246,#2
13929.290316857,-7,15,226,#1
13929.293334729,-9,16,248,#2
13929.296482166,-27,-14,241,#1
13929.299283965,-25,-4,243,#2
13929.302142861,-23,-4,235,#1
13929.304944863,-12,19,242,#2
13929.307889562,-20,-9,239,#1
13929.310779108,-11,17,247,#2
13929.313504382,-8,18,233,#1
13929.316160614,-1,1,248,#2
13929.318850885,-1,-1,240,#1
13929.321729134,-5,5,244,#2
13929.324931928,-4,12,244,#1
13929.327882553,1,4,245,#2
13929.330787027,15,17,221,#1
13929.333588659,12,14,247,#2
13929.336522357,16,13,230,#1
13929.339280319,27,-5,249,#2
13929.342078858,33,21,230,#1
13929.344763351,28,25,242,#2
13929.347450122,25,24,238,#1
13929.350248254,18,9,240,#2
13929.353650711,24,30,232,#1
13929.356480531,35,11,240,#2
13929.35960867,38,34,238,#1
13929.362525089,39,19,245,#2
13929.365526793,42,36,231,#1
13929.368318443,41,21,248,#2
13929.371030919,51,41,228,#1
13929.373702448,51,21,247,#2
13929.37639709,49,34,237,#1
13929.379157978,52,30,244,#2
13929.382600625,55,45,233,#1
13929.38546828,57,27,246,#2
13929.388372828,55,43,230,#1
13929.391130438,54,32,249,#2
13929.394412942,51,35,236,#1
13929.397330527,45,19,241,#2
13929.400133308,41,26,236,#1
13929.402876416,12,10,244,#2
13929.405592949,18,10,233,#1
13929.408313334,6,12,244,#2
13929.411607894,10,20,234,#1
13929.414628303,18,10,244,#2
13929.417526998,57,33,233,#1
13929.420294831,61,11,239,#2
13929.423117446,89,47,238,#1
13929.426106575,91,9,246,#2
13929.428928838,96,50,234,#1
13929.431742897,92,22,243,#2
13929.434466541,75,49,236,#1
13929.437168165,51,29,241,#2
13929.440361014,50,44,228,#1
13929.443664649,42,22,247,#2
13929.446485523,34,31,226,#1
13929.449302675,40,25,242,#2
13929.452164089,44,25,233,#1
13929.455050617,27,17,246,#2
13929.457893215,31,26,232,#1
13929.460584042,33,14,236,#2
13929.463302649,39,47,236,#1
13929.465956584,37,36,244,#2
13929.469220086,28,49,232,#1
13929.47213782,15,24,247,#2
13929.475090742,20,19,231,#1
13929.478131282,14,34,244,#2
13929.481120762,10,24,220,#1
13929.484076499,15,22,244,#2
13929.486791624,13,24,233,#1
13929.489470635,7,34,241,#2
13929.492198983,9,14,231,#1
13929.49484414,3,26,249,#2
13929.49812194,5,12,224,#1
13929.501013486,1,27,246,#2
13929.503935906,11,8,233,#1
13929.506693923,254,15,247,#2
13929.509804209,246,16,233,#1
13929.512714276,-17,16,250,#2
13929.515473479,-32,2,223,#1
13929.518166176,-30,4,246,#2
13929.520869522,-27,-11,238,#1
13929.523531217,-20,6,249,#2
13929.52679896,-3,-1,231,#1
13929.529659301,-2,6,250,#2
13929.532531327,-12,-2,231,#1
13929.535398687,-15,6,244,#2
13929.538238396,-23,-7,228,#1
13929.541209134,-30,9,247,#2
13929.544173298,-25,-7,234,#1
13929.546884793,-61,-7,258,#2
13929.549597918,-64,-33,227,#1
13929.55227941,-48,-21,240,#2
13929.555418847,-49,-26,240,#1
13929.558446368,-61,-14,245,#2
13929.5616667,-49,-7,228,#1
13929.564496297,-50,-4,244,#2
13929.567391603,-44,-3,238,#1
13929.570324246,-48,6,245,#2
13929.573573154,-42,1,233,#1
13929.576306632,-38,7,245,#2
13929.579063872,-36,6,236,#1
13929.581733438,-11,12,244,#2
13929.584996718,-7,11,234,#1
13929.587932972,2,12,245,#2
13929.590851465,5,12,235,#1
13929.593795738,4,11,246,#2
13929.596638373,2,9,236,#1
13929.599743789,-1,9,246,#2
13929.60255544,-11,6,236,#1
13929.605234636,-13,11,244,#2
13929.607935334,-15,9,231,#1
13929.610620031,-26,6,242,#2
13929.613719816,-25,-3,236,#1
13929.616691777,-32,5,247,#2
13929.619732206,-30,-4,230,#1
13929.622533153,-38,9,246,#2
13929.625622196,-33,-1,233,#1
13929.628925313,-33,14,244,#2
13929.631778412,-36,-256,233,#1
13929.634491204,-35,12,246,#2
13929.637185901,-31,1,230,#1
13929.639853245,-25,28,246,#2
13929.64323246,-23,7,227,#1
13929.646448699,-19,13,244,#2
13929.649282889,-22,9,240,#1
13929.652080669,-19,13,246,#2
13929.654917915,-21,-22,243,#1
13929.657900932,-21,25,251,#2
13929.660709213,-21,-1,242,#1
13929.663395002,-24,5,245,#2
13929.666103682,-27,10,232,#1
13929.668752468,-24,13,242,#2
13929.67181551,-12,-7,222,#1
13929.674891831,-13,13,247,#2
13929.677973763,-14,8,216,#1
13929.68080875,-9,21,254,#2
13929.683634106,3,65,229,#1
13929.686632883,-2,-138,214,#2
13929.689477981,-29,30,220,#1
13929.692279595,-34,28,243,#2
13929.694995387,-52,-8,223,#1
13929.697679157,-56,-2,240,#2
13929.700772757,-28,-14,244,#1
13929.703854263,-21,253,237,#2
13929.706719363,0,0,219,#1
13929.70968149,-230,5,248,#2
13929.712527218,22,20,236,#1
13929.715502253,34,6,245,#2
13929.718311107,32,14,244,#1
13929.7209876,22,4,251,#2
13929.723713429,30,12,223,#1
13929.726395904,35,2,246,#2
13929.729401256,37,13,229,#1
13929.732452741,35,9,240,#2
13929.735318767,40,13,226,#1
13929.738191386,36,15,244,#2
13929.741070969,47,20,248,#1
13929.744230722,40,27,248,#2
13929.74728017,55,39,238,#1
13929.749981813,44,14,245,#2
13929.752768832,51,49,228,#1
13929.755417711,50,14,248,#2
13929.758385134,57,58,223,#1
13929.761731625,50,29,243,#2
13929.7646516,54,50,227,#1
13929.767505643,53,29,245,#2
13929.770358298,50,55,231,#1
13929.773291088,50,30,246,#2
13929.776114667,54,39,236,#1
13929.778790751,56,38,244,#2
13929.781489134,49,35,236,#1
13929.784166516,37,24,242,#2
13929.787093232,24,16,230,#1
13929.7902548,14,13,245,#2
13929.793338843,12,14,230,#1
13929.796285561,11,14,245,#2
13929.799127733,19,18,231,#1
13929.802003019,24,9,247,#2
13929.805051245,50,30,239,#1
13929.807810539,59,10,246,#2
13929.810625265,84,44,233,#1
13929.813351798,81,14,246,#2
13929.816121316,88,47,233,#1
13929.818833607,62,9,246,#2
13929.821584271,64,41,227,#1
13929.824774953,42,16,246,#2
13929.828006193,33,33,231,#1
13929.830903758,32,6,251,#2
13929.83379423,31,30,238,#1
13929.836713778,31,22,247,#2
13929.839610973,29,31,236,#1
13929.842503223,29,17,242,#2
13929.845277445,24,32,227,#1
13929.848066761,29,18,244,#2
13929.850849391,30,31,229,#1
13929.853586184,27,32,243,#2
13929.856345757,31,27,238,#1
13929.859074475,16,22,247,#2
13929.86229927,15,20,227,#1
13929.865250432,15,15,248,#2
13929.868127088,20,18,233,#1
13929.871015579,16,8,245,#2
13929.87384762,17,22,228,#1
13929.876992131,17,20,238,#2
13929.879987204,15,28,223,#1
13929.882848266,9,-3,246,#2
13929.885628248,7,18,239,#1
13929.888366356,10,20,244,#2
13929.891119762,8,15,241,#1
13929.893832756,7,9,244,#2
13929.896791345,6,6,229,#1
13929.899900705,-10,11,247,#2
13929.902813271,-3,19,236,#1
13929.905680871,-4,10,248,#2
13929.908765044,-6,10,237,#1
13929.911726299,1,15,241,#2
13929.914457314,-1,7,235,#1
13929.917120842,5,25,246,#2
13929.919815391,4,5,229,#1
13929.922472159,240,17,247,#2
13929.925371558,-8,8,226,#1
13929.928471936,-16,20,244,#2
13929.931472361,-18,2,235,#1
13929.934315903,-16,12,246,#2
13929.937092533,-13,-1,238,#1
13929.94016902,-28,25,243,#2
13929.943012507,-52,-7,241,#1
13929.945759764,-54,-3,246,#2
13929.94875654,-63,-27,228,#1
13929.951597731,-68,-1,243,#2
13929.954444088,-58,-10,234,#1
13929.957781855,-50,7,249,#2
13929.961035894,-47,1,232,#1
13929.963925403,-49,6,245,#2
13929.966916031,-44,4,231,#1
13929.96995633,-46,10,244,#2
13929.973134473,-33,9,235,#1
13929.976118637,-34,11,247,#2
13929.978992293,0,10,236,#1
13929.981764793,5,11,246,#2
13929.984628948,5,13,236,#1
13929.987665321,3,12,245,#2
13929.990501048,3,13,233,#1
13929.993577905,-7,9,244,#2
13929.996392149,-8,7,235,#1
13929.999241488,-20,9,246,#2
13930.00684843,-23,-6,232,#1
13930.010318485,-34,3,244,#2
13930.013450514,-43,-8,232,#1
13930.016477126,-43,5,246,#2
13930.019405083,-43,-6,236,#1
13930.02238321,-39,11,243,#2
13930.025501719,-35,-5,234,#1
13930.028423008,-27,15,245,#2
13930.031340742,-20,-1,246,#1
13930.034112315,-22,23,242,#2
13930.037098573,-19,6,245,#1
13930.039980415,-19,25,246,#2
13930.042764434,-13,9,227,#1
13930.045598827,-12,23,240,#2
13930.048455037,-15,-7,243,#1
13930.051273448,-11,7,245,#2
13930.054078043,-20,6,225,#1
13930.056870025,-25,2,249,#2
13930.059981552,-19,-6,225,#1
13930.062990774,-9,8,247,#2
13930.065716437,-6,10,248,#1
13930.068383521,-1,22,237,#2
13930.071087256,-4,12,224,#1
13930.073904407,0,21,244,#2
13930.07705777,-7,18,252,#1
13930.079861291,4,252,249,#2
13930.082936037,-38,131,227,#1
13930.085802748,237,-11,241,#2
13930.088813082,-7,4,246,#1
13930.09161838,-32,9,244,#2
13930.094321578,-36,-2,230,#1
13930.096998607,-31,1,253,#2
13930.0996851,-255,-14,236,#1
13930.102473101,4,-14,242,#2
13930.105555088,17,7,244,#1
13930.108487823,21,10,250,#2
13930.111468839,38,24,232,#1
13930.11420828,35,15,241,#2
13930.117126032,36,22,224,#1
13930.120114901,29,13,244,#2
13930.122844527,36,20,234,#1
13930.125510037,40,12,250,#2
13930.128202974,39,26,238,#1
13930.130938971,33,9,236,#2
13930.134030904,44,21,229,#1
13930.136843166,41,17,245,#2
13930.139725952,42,28,224,#1
13930.14296273,33,25,243,#2
13930.145869092,37,27,234,#1
13930.148834681,39,13,246,#2
13930.151666593,53,38,237,#1
13930.154351826,53,22,249,#2
13930.157034189,52,41,228,#1
13930.159743313,50,26,246,#2
13930.162810947,52,36,232,#1
13930.165870841,50,21,245,#2
13930.168842134,47,36,233,#1
13930.171560925,45,20,246,#2
13930.174485326,45,32,230,#1
13930.177445174,46,22,247,#2
13930.18018719,46,28,233,#1
13930.182863367,33,16,247,#2
13930.185551138,17,12,230,#1
13930.188181663,7,11,248,#2
13930.191207331,7,17,232,#1
13930.194135528,6,11,246,#2
13930.196945735,7,19,236,#1
13930.199777591,38,13,251,#2
13930.202665174,64,34,236,#1
13930.205526273,73,13,247,#2
13930.208255084,90,53,231,#1
13930.210992655,85,13,248,#2
13930.213692149,87,50,230,#1
13930.216357103,79,11,248,#2
13930.219337323,68,38,238,#1
13930.22228241,62,10,243,#2
13930.225215349,54,38,236,#1
13930.228622399,44,14,245,#2
13930.231511352,37,34,242,#1
13930.234357191,35,13,241,#2
13930.237152156,34,27,242,#1
13930.239826036,35,27,247,#2
13930.242538013,37,32,231,#1
13930.245206448,27,15,239,#2
13930.248127978,28,18,241,#1
13930.251287176,28,8,247,#2
13930.254074973,18,5,232,#1
13930.256858436,16,15,247,#2
13930.259759928,27,29,231,#1
13930.262682402,26,24,248,#2
13930.265504425,18,16,241,#1
13930.268176953,15,11,242,#2
13930.270872558,22,38,231,#1
13930.273531548,17,16,245,#2
13930.276337643,19,31,231,#1
13930.279313696,16,17,247,#2
13930.282088418,15,6,248,#1
13930.284872123,9,13,247,#2
13930.287713517,5,24,241,#1
13930.290514815,18,23,247,#2
13930.293427418,9,8,229,#1
13930.296110189,-1,5,250,#2
13930.298793811,15,-5,221,#1
13930.301450208,16,11,242,#2
13930.304199651,8,15,218,#1
13930.307103402,-2,22,245,#2
13930.31015972,2,0,226,#1
13930.312881586,-9,1,242,#2
13930.315668476,-15,7,224,#1
13930.318481368,-50,1,251,#2
13930.321408454,-38,-18,226,#1
13930.324112707,-43,-12,242,#2
13930.326919228,-61,-31,241,#1
13930.329585978,-50,-13,246,#2
13930.332396,-36,6,214,#1
13930.335277786,-35,-18,245,#2
13930.338200742,-48,-12,237,#1
13930.340980964,-53,-2,247,#2
13930.343935923,-44,-11,228,#1
13930.346725035,-53,5,244,#2
13930.349595191,-48,7,235,#1
13930.352403064,-50,17,244,#2
13930.355124985,-47,0,245,#1
13930.357774345,-46,24,248,#2
13930.360478414,-45,9,227,#1
13930.363312603,-40,20,243,#2
13930.366351458,-41,15,235,#1
13930.369096492,-32,23,248,#2
13930.37194022,-7,9,232,#1
13930.374739203,-4,14,243,#2
13930.377758815,6,12,235,#1
13930.380550001,3,10,247,#2
13930.383297628,4,11,235,#1
13930.385961119,4,10,246,#2
13930.388639945,-11,9,233,#1
13930.392214786,-14,3,247,#2
13930.39542471,-20,6,231,#1
13930.398271271,-21,15,244,#2
13930.401076384,-18,8,233,#1
13930.403812566,-34,6,244,#2
13930.406673555,-32,2,234,#1
13930.409467,-39,5,243,#2
13930.412199793,-39,-1,235,#1
13930.414859395,-33,8,248,#2
13930.417540739,-32,-1,231,#1
13930.420287329,-18,6,248,#2
13930.423264827,-24,2,230,#1
13930.426319349,-24,9,244,#2
13930.429107331,-8,-2,230,#1
13930.431915593,-14,14,248,#2
13930.434738245,-10,10,232,#1
13930.437539969,1,8,247,#2
13930.440278892,0,-1,232,#1
13930.443063059,-2,13,243,#2
13930.445921862,2,0,233,#1
13930.44859478,3,12,241,#2
13930.451654839,-4,-6,241,#1
13930.454661987,-11,11,240,#2
13930.457489917,-14,0,231,#1
13930.460407595,-8,5,248,#2
13930.463246582,-12,0,242,#1
13930.466086828,-10,7,249,#2
13930.468806379,-14,253,222,#1
13930.471477463,-7,4,250,#2
13930.474170974,-8,12,236,#1
13930.476823427,-246,9,245,#2
13930.479726141,1,2,235,#1
13930.482691119,-4,-3,246,#2
13930.485532847,-11,18,231,#1
13930.488328811,-12,2,244,#2
13930.491259175,-7,11,232,#1
13930.494173131,3,11,250,#2
13930.496901423,9,8,234,#1
13930.499571229,8,10,247,#2
13930.50225913,2,15,225,#1
13930.504935399,-1,9,241,#2
13930.507756736,-1,4,236,#1
13930.510836464,-3,13,253,#2
13930.513698489,4,10,241,#1
13930.516606278,19,6,235,#2
13930.519519159,16,22,222,#1
13930.522336699,8,14,245,#2
13930.525308641,11,16,232,#1
13930.528088141,15,3,249,#2
13930.530789061,16,34,230,#1
13930.533441921,25,26,248,#2
13930.536197845,28,25,227,#1
13930.539189363,26,14,245,#2
13930.542126987,37,35,225,#1
13930.54502094,31,15,248,#2
13930.547825424,32,35,228,#1
13930.550700432,32,23,239,#2
13930.553592274,32,36,235,#1
13930.556316066,34,18,245,#2
13930.559029265,35,39,231,#1
13930.561696775,41,22,242,#2
13930.564371711,42,41,244,#1
13930.567242719,40,22,247,#2
13930.570168934,46,41,230,#1
13930.572991142,44,27,248,#2
13930.575954934,49,44,238,#1
13930.578837183,39,25,250,#2
13930.5816868,44,44,233,#1
13930.584369737,39,33,245,#2
13930.587053804,41,39,228,#1
13930.589708646,43,25,248,#2
13930.592424567,40,29,234,#1
13930.595302779,34,17,244,#2
13930.598224124,27,18,236,#1
13930.601056369,30,13,245,#2
13930.603892374,40,26,234,#1
13930.606742268,46,11,245,#2
13930.609707228,53,27,236,#1
13930.612403462,55,0,247,#2
13930.615090714,53,29,229,#1
13930.617767151,51,7,246,#2
13930.620457366,52,33,233,#1
13930.623248849,54,3,243,#2
13930.626381284,56,29,233,#1
13930.629212992,47,12,244,#2
13930.632041441,41,30,224,#1
13930.634813607,44,22,241,#2
13930.63766415,36,23,228,#1
13930.640393165,25,7,243,#2
13930.643083954,25,24,233,#1
13930.645745908,30,27,243,#2
13930.648410529,30,28,222,#1
13930.651121709,30,12,246,#2
13930.654095632,34,33,243,#1
13930.65692634,66,82,232,#2
13930.659784772,21,40,245,#1
13930.662760362,29,41,249,#2
13930.665679188,19,40,227,#1
13930.668525342,15,38,251,#2
13930.671251227,29,50,237,#1
13930.673894864,26,27,248,#2
13930.676573597,28,18,244,#1
13930.67922055,25,50,242,#2
13930.682186435,21,14,236,#1
13930.685038238,0,3,247,#2
13930.687924654,-4,15,244,#1
13930.690802958,-9,5,252,#2
13930.693819514,-1,7,231,#1
13930.696589162,4,-10,248,#2
13930.699291489,5,4,237,#1
13930.70197063,5,-2,245,#2
13930.704652974,1,21,241,#1
13930.707298389,-2,9,245,#2
13930.71022216,0,7,227,#1
13930.713196602,-3,11,243,#2
13930.715989659,-10,4,234,#1
13930.718796254,-2,14,242,#2
13930.721650519,-3,9,239,#1
13930.724494951,-5,12,242,#2
13930.727412017,-5,6,232,#1
13930.730125457,-15,16,242,#2
13930.732815802,-15,-3,241,#1
13930.735451105,-15,13,240,#2
13930.738206437,-17,0,235,#1
13930.741280368,-25,3,245,#2
13930.744251309,-21,6,226,#1
13930.747090036,-18,-1,243,#2
13930.749985583,-20,0,239,#1
13930.752879555,-23,3,245,#2
13930.756538681,-34,5,234,#1
13930.759383816,-37,6,251,#2
13930.763127449,-43,6,231,#1
13930.766458123,-29,-8,247,#2
13930.771619647,-21,-3,231,#1
13930.774606257,-25,7,245,#2
13930.777769954,-52,0,233,#1
13930.780842941,-33,7,245,#2
13930.783971117,-8,9,231,#1
13930.787172707,-4,10,247,#2
13930.790381649,7,16,229,#1
13930.793734139,6,11,245,#2
13930.797164969,5,13,296,#1
13930.800358355,-18,32,254,#2
13930.803677175,-28,-5,243,#1
13930.806602872,-32,11,246,#2
13930.809863225,-3,3,231,#1
13930.812722602,-9,2,245,#2
13930.815521603,-42,-12,234,#1
13930.818397592,-34,-10,246,#2
13930.821230355,-30,-8,233,#1
13930.823892513,-43,9,245,#2
13930.82658958,-41,-1,237,#1
13930.829447567,-55,6,244,#2
13930.832501071,-53,-12,231,#1
13930.835269921,-47,15,247,#2
13930.838099962,-27,-6,218,#1
13930.840908039,-17,-3,242,#2
13930.843973395,-18,5,244,#1
13930.84670289,-6,8,244,#2
13930.849389827,-10,-1,229,#1
13930.852057337,-10,6,246,#2
13930.854745144,-16,3,231,#1
13930.857523681,1,-7,244,#2
13930.86070375,-4,2,238,#1
13930.863577109,-7,44,245,#2
13930.866396501,10,9,236,#1
13930.869211763,2,6,244,#2
13930.872115587,8,16,233,#1
13930.874950906,1,12,247,#2
13930.877741944,4,11,230,#1
13930.880466254,5,10,247,#2
13930.883278238,7,25,233,#1
13930.886025773,28,8,250,#2
13930.889026938,12,28,231,#1
13930.892090091,13,7,244,#2
13930.89496908,6,18,235,#1
13930.897756414,8,18,243,#2
13930.90060103,11,25,237,#1
13930.903464647,14,21,242,#2
13930.906223664,15,24,237,#1
13930.908902156,18,14,249,#2
13930.911597927,26,28,227,#1
13930.914253343,25,21,247,#2
13930.91718128,36,37,233,#1
13930.920169482,30,31,243,#2
13930.923008635,33,39,236,#1
13930.926044785,27,21,247,#2
13930.928952128,34,36,231,#1
13930.931822654,29,24,244,#2
13930.934668325,36,37,235,#1
13930.937395395,39,24,244,#2
13930.940105204,41,34,231,#1
13930.942803772,36,27,247,#2
13930.94570104,39,38,230,#1
13930.948714114,39,21,245,#2
13930.95149141,39,27,235,#1
13930.954258465,39,26,244,#2
13930.957045021,41,23,239,#1
13930.960091597,39,22,246,#2
13930.963057242,39,18,236,#1
13930.965746642,34,11,242,#2
13930.968439486,33,15,230,#1
13930.971104218,32,11,245,#2
13930.973881866,12,13,234,#1
13930.976947148,6,10,243,#2
13930.979866122,6,14,232,#1
13930.982638769,4,9,246,#2
13930.985444715,9,14,233,#1
13930.988288961,5,12,245,#2
13930.991267644,11,16,231,#1
13930.993969082,9,15,243,#2
13930.996668519,17,19,231,#1
13930.999326361,27,20,247,#2
13931.004375894,37,43,232,#1
13931.007839338,43,32,245,#2
13931.011339951,40,45,229,#1
13931.014464682,31,19,245,#2
13931.01780493,27,33,228,#1
13931.020695383,22,27,245,#2
13931.023539851,27,20,231,#1
13931.02624629,17,13,245,#2
13931.028932653,16,19,233,#1
13931.031576179,18,27,245,#2
13931.034533637,18,27,231,#1
13931.037364104,22,9,246,#2
13931.040298098,10,18,232,#1
13931.043167401,11,9,245,#2
13931.045938363,3,21,231,#1
13931.048763885,3,12,243,#2
13931.051505715,-2,11,233,#1
13931.054162965,3,15,247,#2
13931.056883219,-2,6,228,#1
13931.059709797,-1,2,244,#2
13931.062625418,-6,12,231,#1
13931.065601064,0,12,249,#2
13931.068402769,0,12,233,#1
13931.071185121,5,12,245,#2
13931.074015384,8,20,234,#1
13931.07690317,-1,15,245,#2
13931.079613831,2,12,231,#1
13931.082286323,2,11,244,#2
13931.084970648,7,10,239,#1
13931.087616211,-6,10,244,#2
13931.090399878,-4,4,239,#1
13931.093497774,-7,4,242,#2
13931.096394061,-6,4,236,#1
13931.099213453,-8,7,245,#2
13931.102030159,-8,4,236,#1
13931.104916242,-9,6,245,#2
13931.107676777,-3,-1,237,#1
13931.110377659,-4,2,245,#2
13931.113100229,0,3,238,#1
13931.115747551,-2,5,247,#2
13931.118465528,-1,10,234,#1
13931.121456656,-2,4,247,#2
13931.12435222,3,8,234,#1
13931.127303956,3,5,247,#2
13931.130228412,2,10,228,#1
13931.13312907,0,7,245,#2
13931.135923071,2,11,234,#1
13931.138607841,-1,4,246,#2
13931.141305593,-1,5,234,#1
13931.143976418,1,4,244,#2
13931.14664202,3,1,240,#1
13931.149538806,-1,6,247,#2
13931.152438575,2,7,229,#1
13931.155362901,1,6,246,#2
13931.159538439,3,7,230,#1
13931.162645705,4,5,245,#2
13931.165612276,5,10,231,#1
13931.16830775,5,7,248,#2
13931.171009355,5,9,234,#1
13931.173681735,5,10,247,#2
13931.176461754,4,18,235,#1
13931.179573854,4,9,246,#2
13931.182392487,9,8,232,#1
13931.185223102,4,10,246,#2
13931.188049031,4,12,234,#1
13931.190946244,5,9,247,#2
13931.193934261,5,12,234,#1
13931.196617475,3,13,247,#2
13931.199338989,3,14,231,#1
13931.202003591,1,14,244,#2
13931.204727123,-2,8,238,#1
13931.207833334,-2,14,244,#2
13931.210991494,-15,8,233,#1
13931.213819109,-16,11,244,#2
13931.216790087,-26,0,234,#1
13931.220166097,-24,4,247,#2
13931.223239046,-22,1,242,#1
13931.225970265,-41,12,250,#2
13931.228686982,-42,-8,234,#1
13931.231376585,-41,15,247,#2
13931.234093914,-41,-11,235,#1
13931.23727026,-53,8,247,#2
13931.240185234,-57,-14,240,#1
13931.24327211,-54,6,252,#2
13931.24620514,-35,-15,237,#1
13931.24914882,-29,-19,243,#2
13931.25198601,32,-21,163,#1
13931.254668483,-44,1,258,#2
13931.25738157,-30,1,204,#1
13931.260152699,-66,-91,248,#2
13931.262874805,-38,3,248,#1
13931.265993981,-41,18,230,#2
13931.268904954,5,5,231,#1
13931.271824187,-19,27,254,#2
13931.27462204,-3,30,239,#1
13931.277735382,-29,19,245,#2
13931.280841667,-28,10,244,#1
13931.283775975,-8,2,241,#2
13931.28649497,1,23,240,#1
13931.289161757,6,2,241,#2
13931.291858825,-1,21,238,#1
13931.294806616,13,12,238,#2
13931.29766514,16,34,237,#1
13931.300407397,33,19,239,#2
13931.303282645,23,29,231,#1
13931.306145133,34,12,245,#2
13931.309339592,25,33,242,#1
13931.312342239,31,38,241,#2
13931.315131703,24,33,244,#1
13931.317850216,37,34,245,#2
13931.320626549,48,43,239,#1
13931.323353415,58,38,249,#2
13931.326164528,58,34,232,#1
13931.32931178,69,32,246,#2
13931.332277239,70,31,234,#1
13931.335116114,67,16,245,#2
13931.338008012,69,25,238,#1
13931.340790549,63,24,250,#2
13931.343843737,73,19,237,#1
13931.346804788,70,21,246,#2
13931.349626847,70,15,236,#1
13931.352360399,73,7,240,#2
13931.355134361,65,9,234,#1
13931.357848634,46,2,245,#2
13931.360734309,49,7,235,#1
13931.363513234,8,11,245,#2
13931.366701508,9,19,232,#1
13931.369597628,5,9,244,#2
13931.372481099,10,15,234,#1
13931.375500748,9,13,244,#2
13931.378463077,19,18,231,#1
13931.381348733,16,12,244,#2
13931.384266392,46,28,230,#1
13931.387002407,39,26,244,#2
13931.389760405,68,45,231,#1
13931.392540202,69,33,244,#2
13931.395324831,74,52,231,#1
13931.398025658,71,31,246,#2
13931.400872793,67,51,234,#1
13931.404058251,62,26,249,#2
13931.406943,45,50,234,#1
13931.409942073,53,24,243,#2
13931.412912996,34,42,234,#1
13931.415774058,27,32,239,#2
13931.418669363,17,8,235,#1
13931.421371912,23,16,242,#2
13931.424066905,25,29,224,#1
13931.426739063,18,18,249,#2
13931.4294195,40,9,238,#1
13931.432556954,23,13,244,#2
13931.435481558,15,19,227,#1
13931.438312081,15,11,248,#2
13931.441153641,23,24,231,#1
13931.444182253,15,22,244,#2
13931.447019461,14,19,235,#1
13931.449704935,26,23,245,#2
13931.452413466,21,29,227,#1
13931.455060104,20,23,242,#2
13931.457734595,39,23,226,#1
13931.46093461,21,27,246,#2
13931.464061212,18,13,239,#1
13931.466860621,15,10,244,#2
13931.469762852,12,15,232,#1
13931.472641508,11,13,246,#2
13931.475683881,20,7,233,#1
13931.478426822,-1,9,245,#2
13931.481144447,250,2,236,#1
13931.483834014,-4,9,243,#2
13931.486511209,-3,6,235,#1
13931.489574287,-3,8,248,#2
13931.492784562,2,12,225,#1
13931.495691609,-3,12,245,#2
13931.498658457,-5,4,234,#1
13931.50148822,-9,4,246,#2
13931.504409732,-2,5,234,#1
13931.50712043,-14,6,248,#2
13931.509834257,-10,6,234,#1
13931.512513175,-7,3,248,#2
13931.515212206,-3,11,232,#1
13931.518171442,-7,14,247,#2
13931.521238335,-5,6,233,#1
13931.524023743,-19,-3,246,#2
13931.527102156,-15,-5,232,#1
13931.529938178,-21,-5,245,#2
13931.532936288,-33,-3,230,#1
13931.535670303,-30,5,247,#2
13931.538377112,-31,-6,235,#1
13931.541047973,-31,-4,247,#2
13931.54376519,-33,-8,236,#1
13931.546723316,-36,-2,243,#2
13931.549797839,-40,-6,238,#1
13931.552619787,-39,2,246,#2
13931.555429882,-38,-2,233,#1
13931.558330613,-46,2,248,#2
13931.561517924,-41,-2,233,#1
13931.564516737,-43,1,247,#2
13931.56725103,-35,1,236,#1
13931.56990702,-37,13,245,#2
13931.57259166,-28,10,232,#1
13931.575457426,-12,11,244,#2
13931.578741522,7,15,232,#1
13931.581578471,4,12,244,#2
13931.584450978,4,12,235,#1
13931.587216699,3,11,246,#2
13931.590153489,0,10,231,#1
13931.59292797,-4,9,244,#2
13931.595666133,-13,4,233,#1
13931.598332217,-20,7,245,#2
13931.601019598,-26,-4,233,#1
13931.603798838,-29,2,247,#2
13931.607002298,-36,-4,230,#1
13931.609991741,-36,4,239,#2
13931.612979924,-33,-7,234,#1
13931.615796167,-36,4,245,#2
13931.618710622,-33,-7,234,#1
13931.621551775,-29,-3,244,#2
13931.624265696,-34,-4,242,#1
13931.626973079,-26,6,246,#2
13931.62965246,-21,-1,238,#1
13931.632414977,-27,11,249,#2
13931.635659958,-21,-1,232,#1
13931.638492036,-17,-5,252,#2
13931.641371988,-21,1,244,#1
13931.64427085,-26,8,242,#2
13931.647160025,-11,1,225,#1
13931.650089833,-16,0,242,#2
13931.652824681,-17,-2,229,#1
13931.655496395,-7,5,251,#2
13931.658187517,7,12,230,#1
13931.660960942,7,4,254,#2
13931.66426128,-3,18,237,#1
13931.667175235,-32,10,241,#2
13931.669984904,-29,6,235,#1
13931.672799221,-1,2,244,#2
13931.675778737,8,12,235,#1
13931.678820591,2,8,251,#2
13931.681619278,254,11,234,#1
13931.684308771,-10,13,243,#2
13931.687009227,19,24,224,#1
13931.689676051,20,26,248,#2
13931.692907791,17,22,228,#1
13931.695868583,16,16,242,#2
13931.698709199,24,27,233,#1
13931.701528498,30,26,251,#2
13931.704421581,35,29,225,#1
13931.707331962,26,22,247,#2
13931.710148742,32,30,237,#1
13931.712822493,33,20,241,#2
13931.715530876,45,41,237,#1
13931.718181032,39,1,250,#2
13931.721322691,48,63,235,#1
13931.724225052,53,27,241,#2
